title,href,body
Press releases - DHL Group,https://group.dhl.com/en/media-relations/press-releases.html,"6 days ago · Discover the latest news from DHL Group. Simply sort by topic, year and/or month – or enter a term in the search field below. Multi-year agreement reinforces DHL's role as Official Logistics Partner and expands collaboration to Asian Le Mans Series."
DHL News and Press Releases | PR Newswire,https://www.prnewswire.com/news/dhl/,"News from DHL A wide array of domestic and global news stories; news topics include politics/government, business, technology, religion, sports/entertainment, science/nature, and health/lifestyle."
DHL Group: Official Announcements - Stock Market News,https://www.marketscreener.com/quote/stock/DHL-GROUP-185224172/news-press-releases/,16 hours ago · Find the latest press releases and official documents published by DHL Group on MarketScreener.
DHL News Monitoring Service & Press Release Distribution - Shipping ...,https://shipping.einnews.com/news/logistics-dhl,"DHL expands APAC network for data centers DHL Supply Chain expanded its Asia-Pacific data center logistics network, adding over 160,000 square meters of dedicated capacity to capture the region’s growing digital infrastructure market. The investment centers on emerging hubs like Malaysia and …"
DHL targets growing new energy logistics market - Air Cargo News,https://www.aircargonews.net/supply-chains/2026/06/dhl-targets-growing-new-energy-logistics-market/,"DHL is investing in services targeting the new energy logistics market as it looks to more than double its revenues generated by the sector. To target the sector, the company will add a new time-definite service while also continuing to invest in electric vehicle battery facilities. The Bonn-headquartered company said it hopes to grow its"
Media - DHL Group,https://group.dhl.com/en/media-relations.html,3 weeks ago - The DHL Group media relations website offers the company's latest news and extensive press material. ... Don't miss any important dates. Subscribe to news alerts and Corporate Newsletter. We aim to maximize our impact on the logistics industry and beyond.
DHL Supply Chain News Updates | Transport Topics,https://www.ttnews.com/categories/dhl-supply-chain,"The acquisition strengthens UPS’ position in health care logistics, where major carriers are racing to build infrastructure for time- and temperature-sensitive shipments. ... The autonomous trucks will be manufactured at Volvo Trucks North America’s New River Valley production plant in Dublin, Va. The first batch was built there in the final quarter of 2024. ... Most of DHL’s Africa operations, which include warehousing, packaging and supply chain management, are in South Africa, Egypt and Kenya."
DHL targets €3bn new energy logistics revenue by 2030,https://www.stattimes.com/logistics/dhl-targets-3bn-new-energy-logistics-revenue-by-2030-1359469,"1 week ago - DHL Group is expanding its presence in the New Energy sector, aiming to increase revenue from related logistics activities from approximately €600 million in 2025 to €3 billion by 2030 as governments and industries invest in energy resilience, ..."
DHL eCommerce and USPS enter $10 billion - PR Newswire,https://www.prnewswire.com/news-releases/dhl-ecommerce-and-usps-enter-10-billion---plus-longterm-exclusive-agreement-302784695.html,"Our DHL divisions offer an unrivaled portfolio of logistics services, ranging from national and international parcel delivery, e-commerce shipping and fulfillment solutions, international express ..."
"USPS, DHL ECommerce Strike $10B Multi-Year Last-Mile Delivery Deal - WWD",https://wwd.com/sourcing-journal/logistics/dhl-ecommerce-usps-10-billion-partnership-last-mile-parcel-delivery-volume-1238986435/,"Facing a cash crisis, USPS signs a $10 billion deal with DHL eCommerce to expand their partnership, boost last-mile volume and commercial revenue."
Click here to read Transport Topics latest news and updates on DHL,https://www.ttnews.com/categories/dhl,Follow DHL logistics news to understand how DHL is adapting its operations in response to changing market dynamics.
Global Logistics - International Shipping | DHL Home | Global,https://www.dhl.com/global-en/home.html,"DHL is the global leader in the logistics industry. Specializing in international shipping, courier services and transportation."
DHL InMotion - Latest news and stories on DHL's partnerships,https://inmotion.dhl/,"DHL has been Official Logistics Partner of ESL – the world’s largest esports organizer – since 2018. For over two decades, ESL has impacted the lives of millions of fans by transporting them..."
DHL grows French logistics footprint,https://www.stattimes.com/logistics/dhl-grows-french-logistics-footprint-1359388,"DHL Group has announced plans to invest approximately €160 million in France between 2026 and 2027, reaffirming its long-term commitment to one of its largest markets in Europe."
"dhl logistics: Latest News & Videos, Photos about dhl logistics",https://economictimes.indiatimes.com/topic/dhl-logistics,"dhl logistics Latest Breaking News, Pictures, Videos, and Special Reports from The Economic Times. dhl logistics Blogs, Comments and Archive News on Economictimes.com."
DHL Tracking International,https://parcelsapp.com/en/carriers/dhl,"The DHL brand stands for personal commitment, proactive solutions and local strength in the parcel business as well as in international express, logistics and mail operations."
DHL Logistics Trend Radar 7.0 unveils emerging AI... - Air Cargo Week,https://aircargoweek.com/dhl-logistics-trend-radar-7-0-unveils-emerging-ai-trends-and-sustainable-solutions/,"As the logistics landscape continues to evolve rapidly, DHL unveils the 7th edition of the DHL Logistics Trend Radar, a biennial report that highlights the."
"dhl supply chain - News, Views, Reviews... - Logistics Middle East",https://www.logisticsmiddleeast.com/tags/dhl-supply-chain,"DHL Group has enhanced its logistics operations in the UAE by transitioning key functions to DHL Supply Chain, promising seamless services across industries."
DHL Global Forwarding Strengthens Asia-Pacific Leadership with Key...,https://www.jctrans.com/en/news/12299/,"Recently, DHL Global Forwarding announced a series of significant executive appointments to strengthen its global customer leaders."
Dhl Logistics News - MarineLink,https://www.marinelink.com/news/maritime/dhl-logistics,"Dhl-Logistics News: Top European Shippers Warn Freight Costs To Stay High, Gruenhagen Named CFO At MV WERFTEN, DHL Expects Immunity In Price Fixing."
Ship Smarter: Global Shipping & Logistics Advice from DHL |,https://www.dhl.com/discover/en-global,... Logistics advice News & Insights ... Small Business advice E-commerce advice B2B advice Logistics advice News & Insights Shipping with DHL
ESSENTIAL GUIDES | DHL Cambodia,https://www.dhl.com/discover/en-kh/logistics-advice/essential-guides,... Logistics advice News & Insights ... Small Business advice E-commerce advice B2B advice Logistics advice News & Insights Shipping with DHL
Logistics Industry Trends for 2026 | DHL Global,https://www.dhl.com/discover/en-global/logistics-advice/essential-guides/logistics-industry-trends,... Logistics advice News & Insights ... Small Business advice E-commerce advice B2B advice Logistics advice News & Insights Shipping with DHL
ESSENTIAL GUIDES | DHL Bangladesh,https://www.dhl.com/discover/en-bd/logistics-advice/essential-guides,... Logistics advice News & Insights ... Small Business advice E-commerce advice B2B advice Logistics advice News & Insights Shipping with DHL
ESSENTIAL GUIDES | DHL Myanmar,https://www.dhl.com/discover/en-mm/logistics-advice/essential-guides,... Logistics advice News & Insights ... Small Business advice E-commerce advice B2B advice Logistics advice News & Insights Shipping with DHL
"""DHL Health Logistics"" Archives - India Shipping News",https://indiashippingnews.com/tag/dhl-health-logistics/,"SINGAPORE: To meet the growing demand for temperature-sensitive pharmaceutical logistics, DHL Global Forwarding continues to enhance its cold chain ..."
DHL Logistics Archives - Plant & Equipment News,https://www.plantandequipment.news/tag/dhl-logistics/,DHL is a testament to logistics companies in the Middle East in meeting their sustainability goals. ... PlantAndEquipment.news provides recent ...
DHL Logistics of Things - Using Our Content,https://lot.dhl.com/using-our-content/,Provide us with a link back to the original article with the following statement: “This article was originally published on DHL’s Logistics of ...
DHL executives offer up peak season plans and prospects -,https://www.logisticsmgmt.com/article/dhl_executives_offer_up_peak_season_plans_and_prospects,"Jeff Berman is Group News Editor for Logistics Management , Modern Materials Handling , and Supply Chain Management Review and is a contributor to ..."
"Logistics News in the Americas: DHL, USPS, J.B. Hunt, and",https://www.parcelperform.com/insights/logistics-news-in-the-americas-latest-updates-from-dhl-usps-jb-hunt-and-others,"Logistics News in the Americas: Latest Updates from DHL, USPS, and Others ... Logistics News in the Americas: UPS, Echo Global Logistics, DHL ..."
News & Insights | DHL Global,https://www.dhl.com/discover/en-global/news-and-insights,"6 days ago · Discover the latest insights and expert advice on logistics, shipping and international delivery from DHL Express."
Exclusive | DHL Supply Chain Powers Up Warehouses to Supply ...,https://www.wsj.com/logistics-report/dhl-supply-chain-powers-up-warehouses-to-supply-data-centers-9fd1ebca,"Mar 19, 2026 · DHL Supply Chain said it will open 10 warehouses this year across North America to serve data-center operators and suppliers of the components needed to run the high-tech buildings."
"Mar 19, 2026: DHL expands its North America logistics infrastructure amid growing global demand for data center logistics services - DHL Group",https://group.dhl.com/en/media-relations/press-releases/2026/dhl-expands-north-america-logistics-infrastructure.html,1 week ago - Bonn - DHL today announced a significant expansion of its North America data center logistics (DCL) infrastructure with 10 dedicated warehouse sites totaling more than seven million square feet of capacity set to go live in 2026.
Freight Forwarding News and Webinars - DHL Global Forwarding - United States of America,https://www.dhl.com/us-en/home/global-forwarding/latest-news-and-webinars.html,DHL is closely monitoring current trade changes.
Press Home - DHL - United States of America,https://www.dhl.com/us-en/home/press.html,"Latest news and extensive press material for the DHL Group. Get to know the world's leading postal and logistics group, DHL Group"
"Oct 01, 2025: DHL unveils new Innovation Center to power the future of logistics - DHL Group",https://group.dhl.com/en/media-relations/press-releases/2025/dhl-unveils-new-innovation-center-to-power-the-future-of-logistics.html,"Bonn - DHL Group today officially opens its new Europe Innovation Center in Troisdorf, Germany, marking a major step in its commitment to shaping the future of logistics through bold, customer-centric innovation."
DHL targets five-fold New Energy logistics growth to 2030 | Automotive World,https://www.automotiveworld.com/news/dhl-targets-five-fold-new-energy-logistics-growth-to-2030/,"2 days ago - DHL Group is targeting New Energy logistics revenue growth from around €600m (US$696m) in 2025 to €3bn (US$3.48bn) by 2030, anchored by new electric vehicle (EV) and battery logistics infrastructure in Europe."
"May 21, 2026: DHL Supply Chain Breaks Ground on European Battery Logistics Hub in the Netherlands - DHL Group",https://group.dhl.com/en/media-relations/press-releases/2026/dhl-supply-chain-breaks-ground-on-european-battery-logistics-hub-in-the-netherlands.html,"1 month ago - Holtum - DHL Supply Chain, DHL Group’s specialized contract logistics division, has broken ground on a new European Battery Logistics Hub in Holtum, Limburg, further expanding its European capacities for battery and energy storage logistics."
"Jun 12, 2026: DHL and FIA World Endurance Championship extend successful global logistics partnership - DHL Group",https://group.dhl.com/en/media-relations/press-releases/2026/dhl-and-fia-world-endurance-championship-extend-successful-global-logistics-partnership.html,"1 week ago - Building on a collaboration that began in 2012, DHL will continue to serve as the Official Logistics Partner of the FIA WEC, the legendary 24 Hours of Le Mans and, for the first time, also support the Asian Le Mans Series - further strengthening ..."
"Jan 14, 2026: Reverse logistics goes from cost center to competitive edge - DHL data shows - DHL Group",https://group.dhl.com/en/media-relations/press-releases/2026/reverse-logistics-goes-from-cost-center-to-competitive-edge-dhl-data-shows.html,"January 14, 2026 - Cracking the $890B U.S. market: DHL ReTurn Network captures value where 17% of retail sales boomerang back · Bonn - As the peak holiday shopping season concludes, the global logistics industry has entered ""Returns Season."" The returns segment of the e-commerce supply chain plays an increasingly critical role."
"Feb 19, 2026: DHL Group expands Airfreight Cold Chain Network to advance global health logistics - DHL Group",https://group.dhl.com/en/media-relations/press-releases/2026/dhl-group-expands-airfreight-cold-chain-network-to-advance-global-health-logistics.html,"Bonn - DHL Group today announced major steps to strengthen its Life Sciences & Healthcare (LSH) logistics capabilities with an expanded dedicated Airfreight Cold Chain Network - a move designed to reshape how temperature-sensitive medicines, ..."
In the News,https://dhlsupplychain.dhl.com/LP=1770,Below are recent news articles and press releases. ... DHL Supply Chain Partners With Emerge to Provide Capacity Increase for Customers Seeking Spot Freight Shipping
Current information and notes | DHL,https://www.dhl.de/en/privatkunden/information/aktuelles.html,Below we would like to inform you about the current ramifications on shipping and delivery by Deutsche Post and DHL as a result of national and international events that may impact transportation processes.
DHL Logistics of Things | Insights into the world of logistics,https://lot.dhl.com/,Battery energy storage systems and DHL New Energy Logistics are bridging the gap between renewable electricity generation and demand.
"DHL: News und aktuelle Meldungen zum Logistik- und Transportunternehmen - Paketdienste,Zoll (allg., nicht Zoll-Software) | News | TRANSPORT - die Zeitung für den Güterverkehr (Lkw, Speditionen, Fuhrpark, Nutzfahrzeuge, Verkehrspolitik, Wirtschaft)",https://transport-online.de/news/dhl-geschaeftskunden-versand-die-usa-laeuft-wieder-mit-zollaufschlaegen-183900.html,"4 weeks ago - Diese Investition zahlt direkt auf die Strategie 2030 der DHL Group ein, in der New Energy ein entscheidender Wachstumstreiber für unser Geschäft – auch in Europa – ist.“ · Der neue Standort ist auf die Anforderungen dieser komplexen und streng regulierten Lieferketten ausgelegt und bietet ein breites Spektrum an Mehrwertdienstleistungen. Dazu zählen die Lagerung von Batterieeinheiten, Diagnose- und Leistungstests, das Laden und Konditionieren, die Instandsetzung, Reverse Logistics sowie die Vorbereitung für das Recycling."
DHL distances itself from historic Deutsche Post name - FreightWaves,https://www.freightwaves.com/news/dhl-distances-itself-from-historic-deutsche-post-name,"May 6, 2026 - DHL shareholders on Tuesday approved ... Germany unit, which will be rebranded as Deutsche Post AG. Deutsche Post acquired U.S. logistics company DHL (XETRA: DHL) in 2002 after ......"
Pressemitteilungen - DHL Group,https://group.dhl.com/de/presse/pressemitteilungen.html,Aktuelle Konzernnachrichten von DHL Group.
DHL Group - Investors - DHL Group,https://group.dhl.com/en/investors.html,"Find out in more detail why you should invest in DHL Group. ... EBIT/revenue. ... After deduction of noncontrolling interests. ... Prior-year figure as of December 31. ... Basic earnings per share. ... Headcount at the end of the quarter, including trainees. ... Our corporate newsletter keeps you informed about important information about DHL Group."
,https://www.logisticsmanager.com/dhl-plans-healthcare-logistics-hub-at-infinity-park-derby/https://eu2-browse.startpage.com/av/proxy?ep=4c42594d556a6f44456e526c4f57705a59424146526c775455574166446a592f437a734352555a615955554651537342547a49354657705a594646666241595553693864456e772b48533448556c315559566b4243794963426a676c444359495652686664556c4a527a70654344387745534543556b776163456f5754574d5842434d304157705a59424e455056774252476747425441694758494b4631634259303164457938574244426d51537064516746564d4270645279394c416d526a5153734a46424e4463785970636931484c4155784151492f5255783555513558596d74414a58636c43484a61514659504e6b3954464370435547566853585a53464641455a527851456e314242474a765358344f45684e4150573046536a3057&ek=5753746o4n6o357n59564657654539724n6n5533&ekdata=2187067284d30f9ea51d2a04b6bcc929&sc=maXqNizpm0uoiL4EfOhJxC7nBz1cDDO2DE44LPLMPGEljrTHmyFZbMwBJcCVZPyQFV1syvHHabZWZ7,.css-1qle3fm{margin:0 5px 0 0;white-space:pre;overflow:hidden;text-overflow:ellipsis;}Logistics Manager·.css-1rivbqr{margin:0 0 0 5px;white-space:nowrap;}1d
,https://www.taiwannews.com.tw/en/news/6379526https://eu2-browse.startpage.com/av/proxy?ep=4c42594d556a6f44456e526c4f57705a59424146526c775455574148414467684753454651304a454c6b674c53324148466e526b50696f4641776478626b3454565774424a32646c54335a6546414d5263785954517978564644553344433557513145444f42315146336844566d457a546e6466467763455a52685552436758417a566a51485a5a464641526446685a61786f5156527743487a596d636c5a4f546e70424651705755685677437a395746314e554f423041455877585547426954333553487764534d303554456e7041557a526c5158356151774552647859695279494142413d3d&ek=5753746o4n6o357n59564657654539724n6n5533&ekdata=ad579e892da692d742b54f8c965283c7&sc=maXqNizpm0uoiL4EfOhJxC7nBz1cDDO2DE44LPLMPGEljrTHmyFZbMwBJcCVZPyQFV1syvHHabZWZ7,Taiwan News·9d
DHL Supply Chain,https://en.wikipedia.org/wiki/DHL_Supply_Chain,"DHL Supply Chain is a division of Deutsche Post DHL and is affiliated with DHL. Headquartered in Bonn, Deutsche Post has 510,000 employees.In 2016, DHL Supply Chain was primarily competing in strategic life sciences and healthcare, automotive and technology sectors of the market. The automotive sector, with its Lead Logistics Provider (LLP) service, has been shifting to China, India and Mexico as those countries become significant vehicle and parts manufacturers. In Canadian and USA markets DHL Supply Chain operated under the name Exel until January 2016.In 2016, the DHL Supply Chain division's revenue decreased by 11.6% to €14.0 billion versus 2015, but operating profit improved by 27.4% to €572 million."
DHL Supply Chain - Wikipedia,https://de.wikipedia.org/wiki/DHL_Supply_Chain,DHL Supply Chain ist ein Geschäftsbereich der Deutschen Post und mit rund 146.000 Mitarbeitern sowie einen Umsatz von mehr als vierzehn Milliarden Euro im Jahr 2017 das größte Unternehmen im Bereich der Kontraktlogistik mit weltweiter Präsenz. [1][2][3]
DHL Supply Chain - Wikipedia,https://en.m.wikipedia.org/wiki/DHL_Supply_Chain,"DHL Supply Chain is a division of Deutsche Post DHL and a global leader in logistics. Learn about its origins, mergers, acquisitions, sectors, revenue, headquarters and more from this Wikipedia article."
DHL Supply Chain – Wikipedia,https://de.m.wikipedia.org/wiki/DHL_Supply_Chain,DHL Supply Chain ist ein Geschäftsbereich der Deutschen Post und mit rund 146.000 Mitarbeitern sowie einen Umsatz von mehr als vierzehn Milliarden Euro im Jahr 2017 das größte Unternehmen im Bereich der Kontraktlogistik mit weltweiter Präsenz. [1][2][3]
DHL Group - Wikipedia,https://en.wikipedia.org/wiki/DHL_Group,"Deutsche Post AG trading as DHL Group, is a German multinational package delivery and supply chain management company headquartered in Bonn, Germany."
DHL Supply Chain – The world's leading contract logistics provider,https://www.dhl.com/us-en/home/supply-chain.html,"DHL Supply Chain World's leading contract logistics provider To maximize the value of your supply chain, you need a reliable logistics partner whose excellent support is available wherever you need it – whether that's locally or on the other side of the world.······"
My Supply Chain - DHL Supply Chain - United States of America,https://www.dhl.com/us-en/home/supply-chain/mysupplychain.html,"MySupplyChain is the DHL Supply Chain portal for order tracking, operational reporting, document storage, insights and more. Log in to MySupplyChain. Gain near real-time visibility of your warehouse and transport operations and insights into your warehouse product stock levels."
DHL Supply Chain Company Profile - - Supply Chain 24/7DHL Supply Chain moves from five ERP systems to one with ...DHL Supply Chain - LinkedInDHL Supply Chain | LinkedIn,https://www.supplychain247.com/company/dhl_supply_chain,"May 19, 2026 · DHL Supply Chain, the Americas leader in contract logistics and part of Deutsche Post DHL Group, creates competitive advantage for customers through customized logistics solutions based on globally standardized warehousing, transportation and integrated services components. DHL Supply Chain, part of the DHL Group, is the world’s leading logistics provider. It combines management and value-added services with integrated logistics solutions to offer resilience, efficiency, quality, and competitive advantage. We bring sector expertise, global scale and local knowledge to design and manage supply chains from raw materials and manufacturing to finished goods delivery and return services. Who is DHL Supply Chain? DHL Supply Chain | 2,287,103 followers on LinkedIn. As the world’s largest contract logistics specialist, we create competitive advantage for customers through customized logistics solutions based on globally standardized warehousing, transportation and integrated services components. How many employees does DHL have? At the time, DHL Worldwide Express had more than 71,000 employees worldwide. A pioneer in global express shipping, DHL's international network linked over 220 countries and territories. DHL became a wholly owned subsidiary of the Group in December 2002 after Deutsche Post acquired the remaining shares from two investment funds and Japan Airlines. Is DHL a company? Old Logo. DHL Supply Chain is a division of Deutsche Post DHL and is affiliated with DHL. Headquartered in Bonn, Deutsche Post has 510,000 employees. In 2016, DHL Supply Chain was primarily competing in strategic life sciences and healthcare, automotive and technology sectors of the market. What is the market share of DHL Supply Chain? DHL Supply Chain was the global market leader in contract logistics with a market share of 8.3% (2010). In this highly fragmented market, the top ten players account for only about 23% of the overall market, the size of which is estimated to be €147 billion. We bring sector expertise, global scale and local knowledge to design and manage supply chains from raw materials and manufacturing to finished goods delivery and return services."
DHL Supply Chain - LinkedIn,https://www.linkedin.com/company/dhl-supply-chain/,"DHL Supply Chain | 2,286,952 followers on LinkedIn. As the world's largest contract logistics specialist, we create competitive advantage for customers through customized logistics solutions ..."
DHL Supply Chain moves from five ERP systems to one with ... - Oracle,https://www.oracle.com/customers/dhl-supply-chain/,"DHL Supply Chain, part of the DHL Group, is the world's leading logistics provider. It combines management and value-added services with integrated logistics solutions to offer resilience, efficiency, quality, and competitive advantage."
DHL Supply Chain | LinkedIn,https://in.linkedin.com/company/dhl-supply-chain,"DHL Supply Chain Transportation, Logistics, Supply Chain and Storage About us As the world's largest contract logistics specialist, we create competitive advantage for customers through customized logistics solutions based on globally standardized warehousing, transportation and integrated services components."
What Is DHL's Supply Chain? An In-Depth Look at the Logistics Giant,https://www.marketingscoop.com/consumer/what-is-dhls-supply-chain/,"Learn how DHL Supply Chain, the world's leading contract logistics provider, serves various industries and channels with its global network and innovative technology. Explore its offerings for e-commerce, retail, consumer goods, and more."
DHL Supply Chain – The world's leading contract logistics provider - Germany,https://www.dhl.com/de-en/home/supply-chain.html,"To maximize the value of your supply chain, you need a reliable logistics partner whose excellent support is available wherever you need it – whether that's locally or on the other side of the world. Explore how DHL Supply Chain is working to be the industry leader in deployment of new technologies"
About DHL Supply Chain,https://www.dhl.com/de-en/home/supply-chain/about-us.html,"DHL Supply Chain is a world leading logistics provider. Combining the strength of DHL Group capabilities and our proven adaptability, we're uniquely positioned ..."
DHL Supply Chain | LinkedIn,https://www.linkedin.com/company/dhl-supply-chain,"1 week ago - DHL Supply Chain | 2,284,514 followers on LinkedIn. As the world’s largest contract logistics specialist, we create competitive advantage for customers through customized logistics solutions based on globally standardized warehousing, transportation and integrated services components."
DHL Supply Chain,https://grokipedia.com/page/DHL_Supply_Chain,"DHL Supply Chain logo DHL Supply Chain is the contract logistics division of DHL Group, the world's largest logistics company, specializing in end-to-end supply chain management..."
Supply Chain DHL Careers - Talentreef,https://www.staywithdhl.com/connect-us,"DHL SUPPLY CHAIN IS A WORLD-CLASS COMPANY, AND WE VALUE WORLD-CLASS PEOPLE. At DHL Supply Chain, there are opportunities to grow your career every day. You've already proven that you're an active contributor with a can-do attitude, who's passionate about doing things the right way the first time and being an essential part of everyday life."
My Supply Chain - DHL,https://www.dhl.com/de-en/home/supply-chain/mysupplychain.html,"MySupplyChain is the DHL Supply Chain portal for order tracking, operational reporting, document storage, insights and more."
DHL Home - Global Logistics and International Shipping United ...,https://www.dhl.com/,Our Supply Chain division creates custom solutions for enterprise-sized organizations. Discover what makes DHL Supply Chain the perfect fit as your ...
Why the next five years may make or break your supply chain,https://www.fastcompany.com/91537866/why-the-next-five-years-may-make-or-break-your-supply-chain,"18 May 2026 · DHL Supply Chain helps bridge that gap directly, advising customers on deployment strategy and helping fund the investments themselves. Torres ..."
DHL - YouTube,https://www.youtube.com/channel/UCfsBLXEWNtr26TM2LLpKbGQ,DHL is the leading global brand in the logistics industry.DHL Supply Chain.
DHL | LinkedIn,https://www.linkedin.com/company/dhl,"DHL. Transportation, Logistics, Supply Chain and Storage. See jobs Follow. View all 231,820 employees."
DHL Package Tracking | DHL Tracking International - TrackingMore,https://www.trackingmore.com/dhl-tracking,"3. DHL Supply Chain. DHL Supply Chain is a logistics partner with a robust 15M square feet of storage spread across 1,500+ warehouses in more than 50 countries globally."
DHL Supply Chain Breaks Ground on European... - AmCham Bulgaria,https://amcham.bg/2026/05/27/dhl-supply-chain-breaks-ground-on-european-battery-logistics-hub-in-the-netherlands/,"Holtum (Netherlands), 21. May 2026: DHL Supply Chain, DHL Group’s specialized contract logistics division, has broken ground on a new European Battery Logistics Hub in Holtum, Limburg..."
DHL Supply Chain APAC API - AfterShip,https://www.aftership.com/carriers/dhl-supplychain-apac/api,DHL Supply Chain APAC. Delivery dateMarch10Your order is. is about to pick up.DHL Supply Chain APAC Address Validation (Beta) API.
What Is DHL’s Supply Chain? (All You Need to Know),https://querysprout.com/what-is-dhls-supply-chain/,"DHL Supply Chain offers a number of supply chain solutions. These are broken down into 5 categories: transport solutions, warehousing solutions, management services..."
DHL inaugurates its biggest logistics facility in PH - PortCalls Asia,https://portcalls.com/dhl-inaugurates-its-biggest-logistics-facility-in-ph/,"Rosa Logistics Center covers 50,000-square meters and is part of DHL Supply Chain Southeast Asia Cluster’s €80M investment plan in the Philippines until 2025."
Supply Chain - DHL Group,https://group.dhl.com/de/ueber-uns/unternehmensbereiche/supply-chain.html,"Kerngeschäft unseres Unternehmensbereichs SUPPLY CHAIN sind maßgeschneiderte Logistikdienstleistungen und Lieferketten-Lösungen, um die Komplexität für unsere Kunden zu reduzieren und einen nachhaltigen Mehrwert zu schaffen."
DHL Supply Chain Management GmbH | connecticum,https://www.connecticum.de/arbeitgeber/dhl-supply-chain-management-gmbh-191682,"As the world’s leading contract logistics provider, DHL creates a competitive advantage for its customers in the supply chain business by delivering customised logistics solutions based on globally standardised modular components including warehousing, transportation and value-added services."
Explore DHL Supply Chain Careers | DHL Group,https://careers.dhl.com/global/en/supplychain,"April 14, 2026 - Bringing together warehousing and transportation with a whole host of value-added services, at DHL Supply Chain, we create joined-up logistics solutions that make life easy for our big-name corporate customers."
Jobs und Karriere bei DHL Supply Chain – DHL Supply Chain - Deutschland,https://www.dhl.com/de-de/home/supply-chain/ueber-dhl-supply-chain/teammitglied-werden.html,"DHL Supply Chain bietet Mitarbeitern viele Möglichkeiten, in Supply-Chain-Managementpositionen weltweit aufzusteigen. Published June 12, 2025"
DHL Supply Chain setzt mit seinem europäischen Fulfillment-Netzwerk neuen Branchenstandard im E-Commerce - postbranche.de - postbranche.de,https://www.postbranche.de/2021/02/02/dhl-supply-chain-setzt-mit-seinem-europaeischen-fulfillment-netzwerk-neuen-branchenstandard-im-e-commerce/,"February 2, 2021 - Hier bietet DHL Supply Chain, führender Anbieter in der Kontraktlogistik und Teil von Deutsche Post DHL Group, den Online-Händlern Zugriff auf ein europaweites Netzwerk aus 30 DHL-eigenen e-Fulfillment-Zentren."
DHL Supply Chain : Erweitert die Logistikpartnerschaft mit Iglo,https://www.packreport.de/unternehmen/news/DHL-Supply-Chain-Erweitert-die-Logistikpartnerschaft-mit-Iglo-22803,"August 18, 2022 - DHL Supply Chain, der auf Kontraktlogistik spezialisierte Geschäftsbereich der Deutsche Post DHL Group, wird mit Beginn des kommenden"
DHL Supply Chain - Der Experte für Kontraktlogistik,https://www.packlink.com/de-DE/versandunternehmen/dhl-supply-chain/,"DHL Supply Chain ist ein führender globaler Logistikanbieter. Mit über 40 Jahren Erfahrung in der Branche sind sie darauf spezialisiert, End-to-End-Supply-Chain-Lösungen für Kunden aus verschiedenen Branchen bereitzustellen."
KI treibt Logistik neu: Der nächste KI-Boom trifft Lagerhallen – DHL greift massiv an | wallstreetONLINE - 19.03.2026,https://www.wallstreet-online.de/nachricht/20634248-ki-treibt-logistik-neu-ki-boom-trifft-lagerhallen-dhl-greift-massiv,"March 19, 2026 - Der Boom rund um künstliche Intelligenz treibt die Logistikbranche in eine neue Wachstumsphase. DHL Supply Chain kündigt laut dem Wall Street Journal an an, zehn neue Lagerhäuser in Nordamerika zu eröffnen."
DHL Supply Chain – The world’s leading contract logistics,https://www.dhl.com/gb-en/home/supply-chain.html,Discover what makes DHL Supply Chain the ... DHL Supply Chain has been named a Leader in the 2026 Gartner® Magic Quadrant™ for the 11th year.
DHL Supply Chain – The world's leading contract logistics,https://www.dhl.com/sg-en/home/supply-chain.html,Discover what makes DHL Supply Chain the perfect fit as your outsourced logistics provider (3PL). ... Learn about DHL Supply Chain leadership team ...
DHL Supply Chain – The world's leading contract logistics,https://www.dhl.com/be-en/home/supply-chain.html,Discover what makes DHL Supply Chain the perfect fit as your outsourced logistics provider (3PL). ... Learn about DHL Supply Chain leadership team ...
DHL Home - Global Logistics and International Shipping United,https://www.dhl.com/gb-en/home.html,Discover what makes DHL Supply Chain the perfect fit as your ... Find out how DHL Supply Chain can revolutionise your business as a 3PL provider.
DHL Supply Chain: Transforming Reverse Logistics with ReTurn |,https://supplychaindigital.com/news/dhl-supply-chain-reverse-logistics,"... costs while optimising the handling and disposition of returned goods,"" adds Thomas Borders, Vice President of Operations for DHL Supply Chain North ..."
Logistics Focus: DHL Supply Chain | Supply Chain Magazine,https://supplychaindigital.com/logistics/logistics-focus-dhl-supply-chain,"DHL Supply Chain, founded in 1969 by Adrian Dalsey, Larry Hillblom and Robert Lynn, is a leading logistics company that provides innovative solutions ..."
Dhl International Supply Chain On Exp data And Contact-Great,https://en.52wmb.com/supplier/1250497,... dhl international supply chain ... The trade data displayed on dhl international supply chain on is sourced from the 52wmb.com global trade database.
"May 06, 2025: DHL Supply Chain strengthens its offering to",https://group.dhl.com/en/media-relations/press-releases/2025/dhl-supply-chain-acquires-ids-fulfillment.html,"This marks the second e-commerce acquisition for DHL Supply Chain in 2025, having acquired Inmar's reverse logistics business in January, making it ..."
DHL Supply Chain – der weltweit führende Kontraktlogistikdienstleister Deutschland,https://www.dhl.com/de-de/home/supply-chain.html,"Erfahren Sie, wie Sie den Wert Ihrer Lieferkette mit einem zuverlässigen Logistikpartner maximieren können, dessen herausragender Support weltweit verfügbar ist."
Neue Flächen für DHL Supply Chain,https://logistik-heute.de/fachmagazin/fachartikel/projekte-news-dienstleistung-neue-flaechen-fuer-dhl-supply-chain-259641.html,"April 17, 2026 - Hier finden Sie die aktuellen Ausgaben, die Charakteristik, Redaktion und weitere Informationen zum Fachmagazin"
Logistik,https://www.dhl.de/de/geschaeftskunden/logistik.html,"Transport, Lagerhaltung und Distribution, Supply-Chain-Lösungen - wir bieten alles. Deshalb sind wir der weltgrößte Logistikspezialist."
XING - Dein berufliches Netzwerk,https://www.xing.com/jobs/t-dhl-supply-chain,100 Dhl Supply Chain jobs on the XING jobs network. Find just the right job for you.
,"/clev?event=StartpageResultClick&sc=1tzfoDyGcGZzbMZ2kkMmddGm78slEbFv0B2oCDZMTYS1uwJ1atwvKOjSM2z2l3AYOtc0lSesAd7fAxbv&payload={""bdsSessionId"":""c4e23a961771484aadd24e2d6b581587"",""cheqId"":"""",""countryCode"":""DE"",""deviceType"":""mobile"",""endpoint"":""search.serp"",""hasGoogleAds"":false,""page_id"":""18gD5L77zGLHjhixy"",""queryCategory"":""web"",""segment"":""startpage.udog"",""session_id"":""58mj2gyumcp1h2JI"",""surface"":""serp-web"",""transport"":""href-request""}",
Logistics Automation Using Robotics - Delivered - Global - DHL,https://www.dhl.com/global-en/delivered/innovation/logistics-automation.html,"DHL Global Forwarding, Freight has integrated robotic process automation to automate (and even eliminate) time-consuming tasks and free up people for more value-adding tasks and improved customer service."
Meet the robots that keep DHL running - Automated Warehouse,https://www.automatedwarehouseonline.com/meet-robots-that-keep-dhl-running/,"Generally, DHL prefers robotic systems that can work in many facilities on many different tasks. The first thing the company looks for when evaluating a new automation system is whether it can fit into multiple facilities, according to Sally Miller, DHL Supply Chain’s chief information officer for North America."
Warehouse Robotics and Automation - Delivered - Global,https://www.dhl.com/global-en/delivered/innovation/warehouse-robotics-and-automation.html,"December 13, 2022 - The distribution centers of the future will be made up of an effective internet of things (IoT) network that includes both mobile and stationary robots – automated warehouses operated by intelligent robots, driven by meaningful data, and powered by big data analytics. With a near-zero error rate and per-package sorting speed of 3.6 seconds, the robotic arm has boosted speed and efficiency while streamlining our processes. Scott Ashbaugh, VP of Operations, DHL eCommerce Solutions, Americas"
DHL & AutoStore™ Expand Global Warehouse Automation,https://www.autostoresystem.com/news/dhl-supply-chain-and-autostore-announce-partnership-expansion-to-further-automate-global-warehousing,"Apr 29, 2026 · DHL Supply Chain and AutoStore are enhancing global warehouse automation with over 1,000 robots. Learn more about their partnership expansion. DHL Supply Chain is currently involved in nine AutoStore projects across Singapore, the US and Germany, with four more in planning."
DHL’s AI Robotics Transformation in Warehousing 2025,https://www.linkedin.com/pulse/case-study-dhl-supply-chains-ai-robotics-redefining-odz9f,"Oct 8, 2025 · Facing increasing customer demands for speed, accuracy, and sustainability, DHL sought to modernize its warehouse ecosystem by integrating AI-powered robotics, real-time orchestration systems,..."
"How 8,000 robots are changing work inside logistics giant DHL ... - Fortune",https://fortune.com/2026/05/20/dhl-supply-chainrobotics-workers-cio/,"Sally Miller, the global chief information officer at DHL Supply Chain, has deployed more than 8,000 robotics systems across the logistics provider’s global sites, an investment in automation ..."
DHL integrates HappyRobot AI agents to streamline logistics ...,https://roboticsandautomationnews.com/2025/11/25/dhl-boosts-operational-efficiency-and-customer-communications-with-happyrobots-ai-agents/96928/,"DHL Supply Chain is partnering with HappyRobot to roll out autonomous AI agents that handle high-volume communication, streamline scheduling, improve warehouse coordination, and enhance customer service. The initiative is part of DHL’s broader AI strategy to boost efficiency and employee experience across global logistics operations."
How DHL's Warehouse Robotics Transformed Its Warehousing and Fulfilment -,https://supplychainnuggets.com/how-dhls-warehouse-robotics-transformed-its-warehousing-and-fulfilment/,"DHL utilized a Robotics-as-a-Service (RaaS) model, enabling it to scale quickly without incurring massive upfront costs. Lessons include targeting the right warehouse functions, designing robots to support people, and preparing for scalable automation."
DHL Supply Chain Accelerates Automation Deployments With SVT Robotics Softbot® Platform - DHL - United States of America,https://www.dhl.com/us-en/home/press/press-archive/2026/dhl-supply-chain-accelerates-automation-deployments-with-svt-robotics-softbot-platform.html,"March 16, 2026 - Tech-agnostic platform future-proofs automation deployments with pre-built connectors for new robotics technologies, accelerating automation at scale across its global network · DHL Supply Chain, one of the world’s leading contract logistics providers, announced the deployment of SVT Robotics’ SOFTBOT® platform across its global warehouse network."
DHL integrations | Workflow automation with n8n,https://n8n.io/integrations/dhl/,"Common use cases for DHL automation include automating shipment tracking updates, generating shipping labels directly from your workflows, and managing order fulfillment processes."
"Mar 17, 2026: DHL Supply Chain accelerates automation deployments with SVT Robotics SOFTBOT® platform - DHL Group",https://group.dhl.com/en/media-relations/press-releases/2026/dhl-supply-chain-accelerates-automation-deployments-with-stv-robotics-softbot-platform.html,"March 17, 2026 - Prior to implementing the technology-neutral software, automation projects required separate custom coding for every new technology, taking up to six to eight weeks to initiate new solutions. This made enterprise-wide rollouts and upgrades slow and costly. Supported by the platform's prebuilt SOFTBOT connectors, DHL is redoubling its move away from monolithic, all-in-one systems to modular warehouse setups that accommodate multiple automated solutions and can be reconfigured as technology and customer needs evolve."
"May 13, 2025: DHL Group signs MOU with Boston Dynamics for additional 1,000-robot deployment and accelerates cross-business automation strategy - DHL Group",https://group.dhl.com/en/media-relations/press-releases/2025/dhl-group-signs-mou-with-boston-dynamics-and-accelerates-cross-business-automation-strategy.html,"Looking ahead, DHL plans to expand the range of applications for the robots, including additional use cases such as case picking. ... This agreement marks a significant milestone in an already successful collaboration, which began in 2018 and has since delivered tangible improvements in logistics automation. Published May 9, 2025"
DHL's $737M Robot Army: How AI Transforms Warehouse Labor Economics,https://www.traxtech.com/ai-in-supply-chain/dhls-737m-robot-army-how-ai-transforms-warehouse-labor-economics,"August 18, 2025 - The deployment of 1,000 additional AI-powered robots across DHL's contract logistics operations demonstrates how leading companies are using automation to enhance human capabilities rather than simply replacing workers."
"DHL Global Forwarding, Freight - RPA Success Story - Logistics | UiPath",https://www.uipath.com/resources/automation-case-studies/dhl-global-forwarding-freight,"DHL Global Forwarding, Freight (DGFF) needs to improve its finance and logistics processes across its five Global Service Centers (GSC). Its goal is to create a global process automation hub to remove internal process bottlenecks and position the entire organization to continue to provide top-notch service.Its solution is a classical Human Delivery Center structure complemented by a Virtual Delivery Center enabled by the UiPath Enterprise RPA Platform."
"Nov 11, 2025: DHL boosts operational efficiency and customer communications with HappyRobot’s AI Agents - DHL Group",https://group.dhl.com/en/media-relations/press-releases/2025/dhl-boosts-operational-efficiency-and-customer-communications-with-happyrobots-ai-agents.html,"November 11, 2025 - ""As part of our structured and strategic approach to AI, DHL Supply Chain has been systematically identifying and validating operational use cases for generative and agentic AI technologies for over 18 months. Building on our extensive operational experience with data analytics, robotic process automation, and self-learning software tools, we are now integrating AI agents to drive greater process efficiency for customers while making operational roles more engaging and rewarding for employees by automating repetitive and time-consuming tasks such as manual data entry, routine scheduling, and standardized communications"", Sally Miller, CIO DHL Supply Chain, explained."
DHL Accelerates Automation Deployment with SOFTBOT Platform,https://www.supplychaininforms.com/news/dhl-accelerates-automation-deployment-with-softbot-platform/,"March 18, 2026 - DHL Supply Chain has initiated a major automation deployment across its global warehouse network with the rollout of SVT Robotics’ SOFTBOT® platform. The move builds on an already extensive robotics footprint, with more than 8,000 collaborative robots currently in operation worldwide."
"Jul 09, 2025: DHL to deploy 1,000+ additional robots across UK Operations to support business growth in e-commerce and life sciences health care sector - DHL Group",https://group.dhl.com/en/media-relations/press-releases/2025/dhl-to-deploy-1000-additional-robots-across-uk-operations.html,"Milton Keynes - DHL Supply Chain today announces the investment of £550m (€637m) to expand its infrastructure and accelerate the rollout of automation across its customer operations in UK and Ireland, to support growing demand in the e-commerce and life sciences health care sectors."
DHL Scales Global Operations with Warehouse Automation,https://www.autostoresystem.com/cases/dhl-scales-global-operations-with-autostore,"April 7, 2025 - For more than a decade, DHL Supply Chain has been modernizing their warehouse operations with AutoStore systems, seeking to enable swift scalability and standardized automation across their global markets. Working with AutoStore, the world's leading logistics supplier has grown its automated footprint to 12 operational facilities across 5 countries, with 4 more sites already in development."
DHL supply chain accelerates automation with SOFTBOT platform,https://kloepfel-consulting.com/en/2026/03/26/dhl-supply-chain-automation-softbot/,"March 26, 2026 - According to the press release, DHL Supply Chain is now relying on the SOFTBOT platform from SVT Robotics to accelerate automation projects worldwide. More than 8,000 collaborative robots are already in use at various company locations."
DHL Supply Chain accelerates automation deployments with SVT Robotics SOFTBOT® platform | AJOT.COM,https://www.ajot.com/news/dhl-supply-chain-accelerates-automation-deployments-with-svt-robotics-softbot-platform,"March 17, 2026 - Prior to implementing the technology-neutral software, automation projects required separate custom coding for every new technology, taking up to six to eight weeks to initiate new solutions. This made enterprise-wide rollouts and upgrades slow and costly. Supported by the platform’s prebuilt SOFTBOT connectors, DHL is redoubling its move away from monolithic, all-in-one systems to modular warehouse setups that accommodate multiple automated solutions and can be reconfigured as technology and customer needs evolve."
"DHL Automation at Scale: Partners, Deployments, and Real Numbers",https://www.linkedin.com/pulse/dhl-automation-scale-partners-deployments-real-numbers-stefan-boehmer-hc5nc,"If you automate chaos, you scale chaos—DHL avoids this. Final Thought. Automation at DHL is no longer about pilots—it’s about repeatable execution at global scale."
"Ship with DHL, automate with ShippyPro",https://www.shippypro.com/en/carriers/dhl,"Ship with DHL, automated by ShippyPro. Connect your account and automate label creation, tracking, and returns — all from one dashboard."
Stretch at DHL | Automated Trailer Unloading - YouTube,https://www.youtube.com/watch?v=qgGH6Vk8nY8,DHL Supply Chain is deploying Stretch to automate trailer unloading and support warehouse associates.
DHL Integration | Workflow Automation | Make,https://www.make.com/en/integrations/dhl,"Connect DHL to sync data between apps and create powerful automated workflows. Integrate over 3,000 apps on Make."
DHL Case Study | Automating the full P2P process globally,https://www.basware.com/en/why-basware/customers/dhl/,"DHL Express, a division of DHL, believes that automation and standardisation can improve efficiency.For DHL, the biggest benefit of Basware is automation."
DHL's AI Agent Bet: What Logistics Ops Leaders Should... | Debales AI,https://debales.ai/blog/dhl-ai-agents-logistics-communication-automation,"Ready to see how AI agents handle your appointment scheduling, check calls, and email automation the way DHL does — without the 18-month build timeline?"
DHL Shipping Integration From Shiptheory | Smarter... - Shiptheory,https://shiptheory.com/dhl/,"With shipping label integration and shipping automation at the core of the Shiptheory platform, manual data entry becomes obsolete. Utilise Shiptheory to automatically generate your DHL..."
DHL and HPE: automating administrative and shipping processes |,https://supplychaindigital.com/logistics/dhl-and-hpe-automating-administrative-and-shipping-processes,"Leading logistics company, DHL is no stranger to digital transformation, as it begins its investment into the automation of admin and shipping ..."
DHL Opens Fully-Automated Robotic Fulfillment Center –,https://mailomg.com/2023/01/25/dhl-opens-fully-automated-robotic-fulfillment-center/,"BONN, GERMANY — DHL Supply Chain, the contract logistics specialist of Deutsche Post DHL Group, is now operating a fully-automated robot ..."
DHL automates warehouse operations,https://www.edgesignal.ai/case-studies/dhl-automates-warehouse-operations,"... the power of real-time data processing and analytics for efficient inventory management, predictive maintenance, and more, DHL is able to automate ..."
DHL leans into automation in new Chicago e-commerce facility |,https://www.supplychaindive.com/news/dhl-opens-e-commerce-facility-in-chicago-with-Honeywell-loop-sorter/690834/,"Automation was a key investment area in DHL ... DHL invests $300M to expand, automate US e-commerce network By Max Garland • Sept."
"DHL’s Automation, Robotics, AI Initiatives | Mike Kalil",https://mikekalil.com/tag/dhl/,"DHL Group, the world ’ s largest logistics company, plans to deploy more than 1,000 additional Stretch robots from Boston Dynamics to automate ..."
"DHL Supply Chain facility is showcasing how automation, humans",https://www.scmr.com/article/dhl_supply_chain_facility_is_showcasing_how_automation_humans_can_coexist,"Markus Voss , CIO, said DHL is adopting a philosophy of collaboration between automation and humans as it offers more flexibility and the ability to ..."
DHL and HPE: automating administrative and shipping processes |,https://usscmc.com/dhl-and-hpe-automating-administrative-and-shipping-processes-logistics/,"Leading logistics company, DHL is no stranger to digital transformation, as it begins its investment into the automation of admin and shipping ..."
"Case Study: AWL, Vanderlande and Fizyr Partner to Automate DHL",https://fizyr.com/blog/parcel-induction-automation/,"Case Study: AWL, Vanderlande and Fizyr Partner to Automate DHL Madrid Parcel Induction ... Custom built for DHL Parcel Madrid, this automation ..."
"Case Study: AWL, Vanderlande and Fizyr Partner to Automate DHL",https://www.rockingrobots.com/case-study-awl-vanderlande-and-fizyr-partner-to-automate-dhl-madrid-parcel-induction/,"As labor shortages and increasing parcel volumes challenge logistics operations worldwide, DHL sought to automate a key bottleneck in its sorting ..."
DHL Trade Automation System (TAS),https://www.dhl.de/de/geschaeftskunden/express/infos-knowhow/hilfe-zollabwicklung/dhl-trade-automation-system.html,"KI-gesteuert und gebündelt an einem Ort haben Sie mit MyGTS alle HS-Codes, Gebühren & Steuern, relevante Anforderungen im Zielland und vieles mehr auf einen Blick."
Stationary Robotics - DHL - Germany,https://www.dhl.com/de-en/home/innovation-in-logistics/logistics-trend-radar/robotics-and-automation-logistics.html,The trend of Stationary Robotics encompasses all robots that perform value-adding tasks from a fixed location.
UNCLASSIFIED (PUBLIC) ROBOTICS & AUTOMATION CASE STUDIES,https://www.dhl.com/content/dam/dhl/global/csi/documents/pdf/glo-csi-supply-chain-accelerated-digitalization-case-studies.pdf,Custom built Automated · Guided Vehicles (AGVs) with laser navigation for · accuracy. • · Inbound and outbound · pallet moves between dock · doors and automated · warehouse conveyors. • · Multiple safety systems for · collaborative working with ·
DHL Accelerates Automation Drive with New Robotics Integration Platform,https://www.ad-hoc-news.de/boerse/news/ueberblick/dhl-accelerates-automation-drive-with-new-robotics-integration-platform/68772353,"March 18, 2026 - In a significant push to enhance ... strategy. The company is deploying a new software platform globally, moving beyond the traditionally slow and complex integration of robotics systems...."
"How package, logistics companies are bringing robots into ...",https://www.cnbc.com/2026/02/13/shipping-auotmation-logistics-labor.html,"Feb 13, 2026 · DHL is one of multiple fulfillment companies moving toward automation and leveraging artificial intelligence as the industry works toward greater efficiency."
Robot Integration Platform: One Layer for Many Robots - Delivered - Global,https://www.dhl.com/global-en/delivered/innovation/so-many-robots-one-simple-integration-layer.html,"April 23, 2026 - Today, our warehouse automation has grown well beyond pilot projects. Across the DHL global network, we now operate thousands of robots from multiple vendors – each with unique software and integration requirements."
Geschäftskundenportal,https://geschaeftskunden.dhl.de/,DHL Geschäftskundenportal invoice automation integration.
,"/clev?event=StartpageResultClick&sc=maXqNizpquQIRacfdmPPovl29IyMvVNRJRpdFZvkZmIBOkiaXzabQ1Du5JYBc4acbloQiTOVIZ7wYt&payload={""bdsSessionId"":""f775e0ab433241efa888045a3a50d168"",""cheqId"":"""",""countryCode"":""DE"",""deviceType"":""mobile"",""endpoint"":""search.serp"",""hasGoogleAds"":false,""page_id"":""1vzeYgzUHgD9QCgra"",""queryCategory"":""web"",""segment"":""startpage.udog"",""session_id"":""ATiVDuxsEWWrn4n3"",""surface"":""serp-web"",""transport"":""href-request""}",
Sustainability - DHL Group,https://group.dhl.com/en/sustainability.html,"Everything we do at DHL Group serves one purpose: Connecting People and Improving Lives. This commitment guides our efforts and sense of responsibility, underscores our values, focuses our mission, and creates long-term value. Fulfilling our purpose requires us to make every dimension of our business sustainable. With our new Sustainability Roadmap, we build on our past achievements and plot a ..."
Sustainability Reporting - DHL Group,https://group.dhl.com/en/sustainability/sustainability-approach/sustainability-reports.html,"In the Sustainability Presentation, we bundle all relevant ESG information and present the programs with the progress made. The Sustainability Statbook includes all published ESG data from 2016 onwards including ESG Disclosure Standards Indexes (GRI, SASB, TCFD and WEF)."
Deutsche Post DHL Group - Sustainability roadmap - Facts ...,https://inmotion.dhl/doc/Coldplay/dpdhl-sustainability-roadmap-facts-figures.pdf,"As a longstanding partner to the United Nations, DPDHL Group supports the UN Sustainable Development Goals (SDGs), focusing on 6 in particular. From programs and philantrophy over responsible business practices to sustainability in Strategy 2025."
"Sustainability at DHL: SAF, EVs & Sustainable Supply Chains",https://sustainabilitymag.com/news/sustainability-at-dhl-saf-evs-sustainable-supply-chains,"Mar 11, 2026 · Working in more than 220 countries can create logistics issues, carbon emissions and environmental influence. To avoid this, DHL Group is reinforcing its commitment to sustainable growth through its Strategy 2030 and 2025 Annual Report: The Next Step."
Milestones from the Green Technology Roadmap | DHL Freight,https://dhl-freight-connections.com/en/business/green-milestones/,"Jul 2, 2025 · In 2017, motivated by its prior achievements, DHL established an ambitious sustainability goal. The company is committed to reducing all logistics-related emissions to net zero by 2050 – a landmark initiative in the logistics industry."
The DHL sustainability overview for customers,https://www.dhl.de/en/privatkunden/information/dhl-nachhaltigkeitsuebersicht.html,What the DHL sustainability overview offers Transparency about the number of your sustainable shipments received with GoGreen or GoGreen Plus that can be assigned to your customer account. Information about the greenhouse gas emission savings through sustainable services from DHL Paket.
SUSTAINABLY BETTER | Deutsche Post DHL,https://www.deutschepost.de/en/n/nachhaltigkeit.html,DHL Group has company-wide environmental protection programs and ambitious goals for emission reduction. The best thing for our climate is to generate as few shipping emissions as possible. That’s why we are investing internally in structural changes to reduce emissions.
Sustainable parcel shipping - joining forces for the good of the ... - DHL,https://www.dhl.de/en/geschaeftskunden/paket/rund-um-den-versand/dhl-nachhaltigkeit-gk.html,"Sustainable shipping with DHL With the new CO 2 e-Sustainability Report, we provide transparency concerning the carbon emissions generated in your domestic shipments of goods with Deutsche Post and DHL. This enables you to ascertain your company's carbon footprint and produce a company carbon report. 1"
How DHL Freight is Positioned for ISO 14001:2026,https://dhl-freight-connections.com/en/business/iso-14001-2026/,"For customers, transparent CO₂ reporting, clear sustainability targets, and compliant transport solutions are becoming baseline expectations. From your perspective, how well positioned is DHL Freight to meet the requirements of ISO 14001:2026, compared to the broader road freight market? DHL Freight is well positioned."
Sustainability - DHL - United Kingdom,https://www.dhl.com/gb-en/home/sustainability.html,"Discover how our customers are reducing their carbon footprint with DHL logistics. ... As one of the world’s leading logistics companies, we have worked hard to set an example for sustainable businesses – from introducing the industry’s first low GHG emission product to being the first logistics company to commit to net-zero emissions. Published September 23, 2025"
Our sustainability approach - DHL Group,https://group.dhl.com/en/sustainability/sustainability-roadmap.html,"“Strategy 2030: Accelerate ... ""Green Logistics of Choice"" as a fourth bottom line complementing our targets. At DHL Group, sustainability is a journey, not a destination...."
Sustainable with GoGreen | DHL,https://www.dhl.de/en/privatkunden/kampagnenseiten/gogreen.html,"Booking GoGreen Plus means your shipments are sustainable. We actively avoid transport-generated greenhouse gas emissions and invest in additional emission reduction measures in the DHL Group logistics network - by purchasing sustainable fuels and electric delivery vehicles, for example."
Environment - DHL Group,https://group.dhl.com/en/sustainability/environment.html,"Book & claim enables DHL to directly replace fossil fuels with sustainable fuels within the logistic company's network and allocate environmental benefits to paying customers, even when their shipments are not physically transported with the assets using these fuels. Published August 15, 2025"
ESG Reporting - Sustainability,https://group.dhl.com/en/sustainability/sustainability-roadmap/sustainability-reports.html,"Since 2021, we have changed our sustainability reporting: The non-financial statement can now be found in the Management Report (Annual Report) and is complemented by the ESG Presentation and the ESG Statbook."
Nachhaltigkeit - DHL - Deutschland,https://www.dhl.com/de-de/home/sustainability.html,"Als eines der weltweit führenden ... verschrieben hat. 1)Nachhaltigkeits-Entwicklungen der DHL Group werden regelmäßig durch unabhängige namhafte Firmen wie SGS und Lieferantenplattformen bewertet.... Published September 23, 2025"
How DHL is reducing its greenhouse gas emissions. Which emission reduced,https://group.dhl.com/content/dam/deutschepostdhl/en/media-center/responsibility/dhl-group-sustainability-brochure.pdf,1 Facilities GHG emissions Scope 1 and 2 in 2025. | 2 Also includes locations that are only certified according to one ISO. | 3 In accordance with the internal DHL Group
DHL Group's 2024 Sustainability Report,https://reporting-hub.group.dhl.com/ecomaXL/files/DHL-Group_2024-Progress-Report-on-Sustainability.pdf,"Additional costs for sustainable fuels were also kept in check. The share of sustainable ... 1) In accordance with the internal DHL Group framework (based on the World Green Buildings Council's guidance, certified by SGS). Deviations permitted in justified exceptional cases."
Sustainable Product Portfolio - DHL - Germany,https://www.dhl.com/de-en/home/sustainability/sustainable-product-portfolio.html,"DHL Global Forwarding is offering guidance to increase carbon efficiency and reduce CO₂e emissions through optimized supply chain design. Together with the DHL Sustainability Experts explore potential carbon optimization options and identify customer-specific levers with the highest impact on your supply chain, for example modal shifts or consolidation of shipments."
Yellow goes green: Our sustainability goals | DHL Express Japan,https://www.dhl.com/discover/en-jp/about/dhl-stories/yellow-goes-green-sustainability,"1 month ago - As a leader in sustainable logistics, DHL sets emissions targets in line with the Paris Agreement and Science-Based Targets initiative (SBTi). We aim to achieve net-zero logistics by 2050."
Sustainability - DHL - United States of America,https://www.dhl.com/us-en/home/sustainability.html,"Discover how our customers are reducing their carbon footprint with DHL logistics. ... As one of the world’s leading logistics companies, we have worked hard to set an example for sustainable businesses – from introducing the industry’s first low GHG emission product to being the first logistics company to commit to net-zero emissions. Published September 23, 2025"
"Sustainable Logistics: Types, Examples & Tips for You | DHL Global",https://www.dhl.com/discover/en-global/logistics-advice/sustainability-and-green-logistics/sustainability-trends-in-logistics,"September 12, 2025 - DHL’s GoGreen Plus, for example, helps you lower emissions by using Sustainable Aviation Fuel (SAF) – an easy way to tackle climate action through your existing shipping account."
Sustainability - DHL - Germany,https://www.dhl.com/de-en/home/sustainability.html,"Discover how our customers are reducing their carbon footprint with DHL logistics. ... As one of the world’s leading logistics companies, we have worked hard to set an example for sustainable businesses – from introducing the industry’s first low GHG emission product to being the first logistics company to commit to net-zero logistics related GHG emissions. Published September 23, 2025"
Our sustainability approach - DHL Group,https://group.dhl.com/en/sustainability/sustainability-approach.html,"At DHL Group, sustainability is a journey, not a destination. That's why we've set milestones to focus our efforts and measure our progress."
Shaping a Sustainable Future: DHL's Remarkable Shift Towards...,https://www.linkedin.com/pulse/shaping-sustainable-future-dhls-remarkable-shift-khairol-anuar,"DHL, a global leader in logistics and express mail services, recognized this imperative and took it upon itself to catalyze change. 2. DHLs Journey Towards Sustainability."
DHL Sustainability Status | DHL,https://www.dhl.de/en/privatkunden/pakete-empfangen/sendungen-verfolgen/nachhaltigkeitsstatus.html,Dhl sustainability status. This is how environmentally friendly your shipment delivery is.
Sustainability | DHL EXPRESS,https://dhlexpress.lt/en/sustainability/,"Sustainability. As the leading mail and logistics company, we aim to connect people and improve their lives. We believe protecting the environment is an integral part of that."
DHL Sustainability Strategy: Carbon Neutral Logistics and Green...,https://thesustainableinnovation.com/dhl-sustainability/,DHL’s 2024 Annual Report introduced the first CSRD-aligned Sustainability Statement covering all five ESRS Environmental standards and three Social standards...
Reducing carbon emissions | DHL eCommerce,https://www.dhlecommerce.nl/en/sustainability,"Reducing carbon emissions. The climate is changing at a pace that demands action. As an organisation with global reach, DHL wants to make a positive contribution."
Find out more about DHL and Formula 1’s sustainability strategies...,https://inmotion.dhl/en/formula-1/sustainability,"In 2024, DHL significantly advanced its commitment to sustainable transport practices in Formula 1® by doubling its fleet of biofueled trucks, from 18 to 37."
One Million Eco-Friendly Kilometers for Manitou Group | DHL Freight,https://dhl-freight-connections.com/en/sustainability/manitou-group/,DHL Freight and Manitou Group are both pursuing challenging sustainability goals and have teamed up on a joint project to reduce CO2e emissions in road freight.
"Dec 02, 2024: Sustainability remains top priority: DHL Express",https://group.dhl.com/en/media-relations/press-releases/2024/dhl-express-launches-global-sustainability-survey-2024.html,"eBook "" Sustainability Matters: DHL Express' Global Survey on Small Businesses "" offers insights from small and medium-sized companies ..."
"DHL: What drives social, sustainable, and cross-border shoppers",https://www.ajot.com/news/dhl-what-drives-social-sustainable-and-cross-border-shoppers,"DHL: What drives social, sustainable, and cross-border shoppers ... Our latest report highlights that convenience, transparency, and sustainability ..."
Sustainability with the DHL Fulfillment Network - United States,https://www.dhl.com/us-en/microsites/supply-chain/fulfillment-network/why-dhl/sustainability.html,The DHL Fulfillment Network Goes Above and Beyond to Be a Sustainable Partner ... Sustainability: it’s integrated at every level. It guides our ...
DHL focuses on sustainable transportation of pharmaceutical,https://payloadasia.com/2024/10/dhl-sustainable-transportation-pharmaceutical-products-alexion-ireland-europe/,"The use of HVO, one of DHL ’ s sustainable approaches, will reduce annual Greenhouse Gas (GHG) emissions by up to 90 percent compared to diesel ..."
"DHL Commits €7 Billion to Sustainable Supply Chain, Links",https://www.esgtoday.com/dhl-commits-e7-billion-to-sustainable-supply-chain-links-exec-comp-to-esg/,"Logistics giant Deutsche Post DHL announced today the launch of its new Sustainability Roadmap, representing a significant ramp in the company’s ..."
Suntory & DHL: A Sustainable Supply Chain Partnership |,https://fooddigital.com/news/dhl-suntory-partnership-expansion,"... GB&I , producer of soft drinks brands including Lucozade and Ribena, expands its partnership with DHL Supply Chain to enhance the sustainability ..."
DHL Group Hits New Sustainability Milestones in Asia Pacific -,https://logistics-manager.com/dhl-group-hits-new-sustainability-milestones-in-asia-pacific/,"DHL Group has announced a series of major sustainability breakthroughs across the Asia Pacific region, marking a significant acceleration of its net ..."
Fostering climate action - DHL Group,https://group.dhl.com/en/sustainability/social-impact-programs/environmental-protection.html,"As the world's leading logistics company, we've made it our mission to achieve net-zero emissions by 2050. Turning that bold statement into bold action includes motivating our people to participate in climate protection initiatives and encouraging our customers and partners to support more ..."
DHL Sustainability Roadmap - YouTube,https://www.youtube.com/watch?v=FFsf1zMa5UU,We are turning our yellow company into a green one.
,"/clev?event=StartpageResultClick&sc=1tzfoDyGcGZ21Gutsinj3dfYFCOXFEfx6za99msIhQgtVsrW9jGE8iSUku8gdfe3tMalM23gKtMEbAqV&payload={""bdsSessionId"":""6c9f48dddb02452cb26371ffa08f5cbc"",""cheqId"":"""",""countryCode"":""DE"",""deviceType"":""mobile"",""endpoint"":""search.serp"",""hasGoogleAds"":false,""page_id"":""18tvWayDIgL1QtqGy"",""queryCategory"":""web"",""segment"":""startpage.udog"",""session_id"":""PrztsROE3QzjyiyI"",""surface"":""serp-web"",""transport"":""href-request""}",
