title,source,published_at,url,description
"Be proud & don't flatter yourself, days of the nightie are upon us",The Times of India,2026-06-20T16:46:10Z,https://economictimes.indiatimes.com/opinion/et-commentary/be-proud-dont-flatter-yourself-days-of-the-nightie-are-upon-us/articleshow/131879947.cms,"The humble Indian nightie, a symbol of practical modesty and comfort, is emerging as a powerful, yet overlooked, industry. Beyond its domestic role, this garment represents a vast, decentralized supply chain with immense potential for growth and formal recogn…"
The Rise And Rise Of Sports Marketing,Free Press Journal,2026-06-20T01:34:41Z,https://www.freepressjournal.in/lifestyle/the-rise-and-rise-of-sports-marketing,Brands are chasing lucrative sports deals to ensure visibility at a global scale for a long-lasting impact
odoo-addon-delivery-dhl-parcel 19.0.1.0.1,Pypi.org,2026-06-19T08:43:04Z,https://pypi.org/project/odoo-addon-delivery-dhl-parcel/19.0.1.0.1/,Delivery Carrier implementation for DHL Parcel using their API
"In March 2025, an Old Bailey jury convicted six Bulgarians of running a Russian surveillance ring out of a Norfolk guesthouse on instructions relayed through an encrypted channel that traced back to a fugitive Austrian executive in Moscow.",Space Daily,2026-06-19T07:19:08Z,https://spacedaily.com/sd-v-in-march-2025-an-old-bailey-jury-convicted-six-bulgarians-of-running-a-russian-surveillance-ring-out-of-a-norfolk-guesthouse-on-instructions-relayed-through-an-encrypted-channel-that-traced-back/,"In March 2025, an Old Bailey jury convicted six Bulgarians of running one of the largest foreign intelligence operations ever prosecuted in Britain — a surveillance ring operating from a Norfolk guesthouse, taking instructions from a fugitive Austrian executi…"
odoo-addon-delivery-dhl-parcel 18.0.1.0.1.1,Pypi.org,2026-06-19T03:26:16Z,https://pypi.org/project/odoo-addon-delivery-dhl-parcel/18.0.1.0.1.1/,Delivery Carrier implementation for DHL Parcel using their API
odoo-addon-delivery-dhl-parcel 17.0.2.0.2.1,Pypi.org,2026-06-19T03:25:31Z,https://pypi.org/project/odoo-addon-delivery-dhl-parcel/17.0.2.0.2.1/,Delivery Carrier implementation for DHL Parcel using their API
odoo-addon-delivery-dhl-parcel 18.0.1.0.1,Pypi.org,2026-06-18T14:46:12Z,https://pypi.org/project/odoo-addon-delivery-dhl-parcel/18.0.1.0.1/,Delivery Carrier implementation for DHL Parcel using their API
"74,000 Fortinet firewall credentials exposed in FortiBleed data leak",Help Net Security,2026-06-18T12:10:49Z,https://www.helpnetsecurity.com/2026/06/18/fortinet-fortibleed-data-leak/,"A Russian-speaking cybercriminal group has stolen credentials contained in the configuration files of nearly 74,000 Fortinet firewalls and VPN gateways around the world. The data was accidentally exposed by the group on a server, along with other artifacts an…"
Christopher Luxon opens new $40m freight apron at Christchurch Airport,New Zealand Herald,2026-06-18T01:42:23Z,https://www.nzherald.co.nz/nz/christopher-luxon-opens-new-40m-freight-apron-at-christchurch-airport/HY7E7V2ICFH4VPSX5CZKEGGKUM/,The freight apron at Christchurch Airport spans 8500sqm with advanced scanning technology.
odoo-addon-delivery-dhl-parcel 17.0.2.0.2,Pypi.org,2026-06-17T18:09:11Z,https://pypi.org/project/odoo-addon-delivery-dhl-parcel/17.0.2.0.2/,Delivery Carrier implementation for DHL Parcel using their API
"DOT Proposes National Freight Visibility Dashboard to Speed Cargo Flow, Cut Bottlenecks",WWD,2026-06-17T17:09:50Z,http://wwd.com/sourcing-journal/logistics/department-of-transportation-dot-freight-visibility-dashboard-american-supply-chain-sovereignty-1239014660/,The Department of Transportation is proposing to launch a high-visibility dashboard linking U.S. freight hubs with supply chain partners to accelerate cargo processing.
SAP just funded a startup built to help its own customers escape SAP,The Next Web,2026-06-17T14:45:40Z,https://thenextweb.com/news/conduct-60-million-series-a-index-iconiq-sap/,"There is an unglamorous deadline bearing down on corporate IT, and it has just produced one of London’s more interesting AI raises. Conduct, a 35-person startup founded by three former Palantir engineers, has raised a $60mn Series A co-led by Index Ventures a…"
"Blue Dart evaluating fresh freighter inductions, replacement of ageing Boeing 757 fleet",BusinessLine,2026-06-17T13:30:49Z,https://www.thehindubusinessline.com/economy/logistics/blue-dart-evaluating-fresh-freighter-inductions-replacement-of-ageing-boeing-757-fleet/article71113661.ece,DHL-backed cargo airline says fleet modernisation remains a live priority as parent commits Euro 250 million investment for India expansion
"Blue Dart evaluating fresh freighter inductions, replacement of ageing Boeing 757 fleet",BusinessLine,2026-06-17T13:04:33Z,https://www.thehindubusinessline.com/companies/blue-dart-evaluating-fresh-freighter-inductions-replacement-of-ageing-boeing-757-fleet/article71113661.ece,DHL-backed cargo airline says fleet modernisation remains a live priority as parent commits Euro 250 million investment for India expansion
Toronto Film Festival Reveals More Than 130 Buyers to Attend First Edition of Market,Variety,2026-06-17T07:42:46Z,https://variety.com/2026/film/global/toronto-market-buyers-first-edition-1236783542/,"The Toronto Film Festival has revealed that more than 130 buyers from 49 countries have confirmed they will attend the first edition of its market, which is referred to as TIFF: The Market. Among the buyers attending the market, which takes place Sept. 10-16,…"
But yak shaving is fun,Github.io,2026-06-16T14:26:26Z,https://parksb.github.io/en/article/32.html,"KO | EN This blog doesn’t use a static site generator or framework like Jekyll, Hugo, or Gatsby. I tried a few of them at first, but they gave me too little freedom to customize, so I decided to build the blog myself. Early on I just wrote posts in HTML, but …"
O'Brien: 'Chance to finish on a high' fuelling Leinster,RTE,2026-06-16T12:53:27Z,https://www.rte.ie/sport/rugby/2026/0616/1578742-obrien-chance-to-finish-on-a-high-fuelling-leinster/,"Leinster winger Tommy O'Brien has said that this weekend's BKT United Rugby Championship final against the Vodacom Bulls will be the perfect chance to end their season on a positive note, as they look to give a perfect send off to their departing teammates."
"Freight Distress Report: more carriers shut down, logistics firms cut jobs",Yahoo Entertainment,2026-06-16T12:00:00Z,https://finance.yahoo.com/economy/articles/freight-distress-report-more-carriers-120000736.html,Freight-sector bankruptcies and layoffs continued piling up in June as carriers and logistics providers cut costs. The post Freight Distress Report: more car...
Basware Named a Leader in Accounts Payable Invoice Automation,PRNewswire,2026-06-15T14:52:00Z,https://www.prnewswire.com/news-releases/basware-named-a-leader-in-accounts-payable-invoice-automation-302800468.html,"A new, independent evaluation names Basware as a Leader, recognizing its Invoice Lifecycle Management approach to governed AI, continuous compliance, and enterprise control CHARLOTTE, N.C., June 15, 2026 /PRNewswire/ -- Basware, the global leader in Invoice L…"
Hormuz halt forces Middle East trade into huge rewiring,The Times of India,2026-06-15T05:39:44Z,https://economictimes.indiatimes.com/industry/energy/oil-gas/hormuz-halt-forces-middle-east-trade-into-huge-rewiring/articleshow/131734467.cms,"A year after a US-Israel and Iran conflict, Siemens Energy explored alternative routes to Dammam, Saudi Arabia, due to potential Strait of Hormuz closures. Recent conflict forced these plans into action, disrupting global supply chains and prompting companies…"
The World’s Best Tequila—According To The 2026 World Tequila Awards,Forbes,2026-06-14T08:30:00Z,https://www.forbes.com/sites/bradjaphe/2026/06/14/the-worlds-best-tequila-according-to-the-2026-world-tequila-awards/,This stunner stands out for its exceptional six-year aging process; double the minimum for an Extra Añejo. Here's everything to know about the ultra premium bottling.
Property Council 2026 awards: Tauranga’s new Mareanui council headquarters takes supreme prize,New Zealand Herald,2026-06-12T10:30:00Z,https://www.nzherald.co.nz/property/property-council-2026-awards-taurangas-new-mareanui-council-headquarters-takes-supreme-prize/2S7GAXW4UFFQXHZ6Z76CGFWJW4/,The eight-storey building beat 133 entries in many different categories.
The Hidden Infrastructure Challenge Behind Renewable Energy Growth,OilPrice.com,2026-06-12T08:30:00Z,https://oilprice.com/Latest-Energy-News/World-News/The-Hidden-Infrastructure-Challenge-Behind-Renewable-Energy-Growth.html,"The Middle East crisis has spurred more interest in alternative energy supply, but the evolution of transition technology has made transporting things like turbine blades and batteries problematic, DHL’s chief executive has warned. “Large wind turbines now ha…"
DHL Says Clean Energy Technology Is Getting Harder to Transport,Financial Post,2026-06-12T05:15:58Z,https://financialpost.com/pmn/business-pmn/dhl-says-clean-energy-technology-is-getting-harder-to-transport,"Global efforts to transition away from fossil fuels are running into a new challenge: clean energy equipment is getting more complex, hazardous and too big to transport easily."
Fleet buys Tesla Semi electric trucks after stunning 1.55 kWh/mile efficiency,Electrek,2026-06-11T15:59:46Z,http://electrek.co/2026/06/11/arcbest-buys-tesla-semis-abf-freight-pilot/,"ArcBest (ARCB), the multibillion-dollar logistics company, is purchasing two Tesla Semi electric trucks for its ABF Freight fleet after a successful 2025 pilot program that averaged 1.55 kWh per mile over 4,494 miles.
The purchase marks a significant step bey…"
Amazon Bets on Lower-Cost Freight as it Opens LTL Network Nationwide,WWD,2026-06-11T12:00:00Z,http://wwd.com/sourcing-journal/logistics/amazon-ltl-supply-chain-services-ascs-less-than-truckload-lower-cost-freight-trucking-1239005858/,"The new service expansion allows businesses to use Amazon's trucking network to move freight between warehouses, distribution centers and retail locations."
Whanganui Surf Lifeguard Service claims multiple titles at regional awards,New Zealand Herald,2026-06-11T01:00:00Z,https://www.nzherald.co.nz/whanganui-chronicle/news/whanganui-surf-lifeguard-service-claims-multiple-titles-at-regional-awards/Z3RUI6HCCZBSDORZ7EKNJI2YVM/,The top rescue award was won by a team of seven from the Whanganui club.
Former DHL Express Latin America CEO Joakim Thrane Joins CEO Coaching International as Partner and Coach,PRNewswire,2026-06-10T12:35:00Z,https://www.prnewswire.com/news-releases/former-dhl-express-latin-america-ceo-joakim-thrane-joins-ceo-coaching-international-as-partner-and-coach-302796202.html,"MIAMI, June 10, 2026 /PRNewswire/ -- CEO Coaching International, the leading CEO coaching firm for growth-focused CEOs and entrepreneurs globally, is pleased to announce Joakim ""JT"" Thrane as its newest Partner and Coach. Thrane is a global CEO and operator w…"
"NDR Group to invest over ₹2,000 crore in warehousing, industrial parks expansion",BusinessLine,2026-06-10T11:16:23Z,https://www.thehindubusinessline.com/companies/ndr-group-to-invest-over-2000-crore-in-warehousing-industrial-parks-expansion/article71083771.ece,"The Chennai-based NDR Group is stepping up investments in warehousing and industrial infrastructure, with projects worth over ₹2,000 crore under development in the next couple of years, as it looks to capitalise on growing demand from manufacturing, e-commerc…"
"OL INTERNATIONAL HOLDINGS PRESIDENT AND CEO ALAN BAER STEPPING DOWN; CARRIE MURPHY KING WILL ASSUME CEO ROLE JULY 1, 2026",PRNewswire,2026-06-09T14:00:00Z,https://www.prnewswire.com/news-releases/ol-international-holdings-president-and-ceo-alan-baer-stepping-down-carrie-murphy-king-will-assume-ceo-role-july-1-2026-302794444.html,"After more than 50 years in shipping, Baer will transition to Executive Advisor as Murphy King becomes CEO, leading OL's Global Team NEW YORK, June 9, 2026 /PRNewswire/ -- OL International Holdings LLC today announced the transition of company President and C…"
The women running Europe in 2026,Fortune,2026-06-08T13:52:34Z,https://fortune.com/2026/06/08/the-women-running-europe-2026-mpw/,Twenty of the leaders celebrated in Fortune’s Most Powerful Women list are from Europe. Their roles reveal where power is concentrated across the continent and what it takes to reach the top of European business.
Shuffle Board: Marimekko Creates Dedicated Supply Chain Role and Logistics Firms Tap New Leadership,WWD,2026-06-08T12:00:00Z,http://wwd.com/sourcing-journal/industry-news/shuffle-board-marimekko-mcqueen-lanvin-avery-dennison-project44-kinaxis-1238998176/,"Marimekko has a new chief operating officer, supply chain, and logistics companies are gearing up for growth."
Realterm CEO Bob Fordi Is Transforming the IOS Business,Commercial Observer,2026-06-08T10:30:48Z,http://commercialobserver.com/2026/06/realterm-ceo-bob-fordi-ios-investments/,"For most companies, the period of COVID-19 — roughly 2020 to 2022 — was considered nothing short of catastrophic, as the global pandemic presented an existential threat to business plans, underwriting assumptions and, of course, tens of millions of lives.  Bu…"
"China's global ecommerce push stalls as Iran war lifts costs, dampens demand",The Times of India,2026-06-08T04:09:37Z,https://economictimes.indiatimes.com/tech/technology/chinas-global-ecommerce-push-stalls-as-iran-war-lifts-costs-dampens-demand/articleshow/131578056.cms,"The business models, based on flying $5 dresses from Chinese factories to shoppers around the world, were already under pressure after U.S. President Donald Trump introduced tariffs and axed customs waivers on low-value parcels last year. Soaring logistics co…"
Dogged Leinster hold off brave Stormers to make URC final,The Irish Times,2026-06-06T19:48:23Z,https://www.irishtimes.com/sport/rugby/2026/06/06/dogged-leinster-hold-off-brave-stormers-to-make-urc-final/,Jamison Gibson-Park stars as Irish province have to grind out victory against the South Africa side
Dogged Leinster hold off brave Bulls to make URC final,The Irish Times,2026-06-06T19:28:21Z,https://www.irishtimes.com/sport/rugby/2026/06/06/dogged-leinster-hold-off-brave-bulls-to-make-urc-final/,Jamison Gibson-Park stars as Irish province have to grind out victory against the South Africa side
Amazon Is Using AI to Disempower Workers. The US Labor Movement Must Fight Back.,Truthout,2026-06-06T14:12:37Z,https://truthout.org/articles/amazon-is-using-ai-to-disempower-workers-the-us-labor-movement-must-fight-back/,Amazon is using AI in terrifying ways to disempower workers. We must fight back.
Leinster face Stormers test as scrutiny lingers after European disappointment,The Irish Times,2026-06-06T05:00:00Z,https://www.irishtimes.com/sport/rugby/2026/06/06/leinster-face-stormers-test-as-scrutiny-lingers-after-european-disappointment/,Leo Cullen’s side seek to build on Lions victory as South Africans arrive with upset ambitions
An Post chief joins call for EU to delay €3 customs charge for small parcels,The Irish Times,2026-06-05T04:54:00Z,https://www.irishtimes.com/business/2026/06/05/an-post-chief-joins-call-for-eu-to-delay-3-customs-charge-for-small-parcels/,Some 19 postal operators call for six-month delay in July 1st introduction of new customs charge
Covenant Logistics Releases 2025 Corporate Social Responsibility Report,GlobeNewswire,2026-06-05T04:01:00Z,https://www.globenewswire.com/news-release/2026/06/05/3307180/10462/en/Covenant-Logistics-Releases-2025-Corporate-Social-Responsibility-Report.html,"CHATTANOOGA, Tenn., June 05, 2026 (GLOBE NEWSWIRE) -- Covenant Logistics Group has released its 2025 Corporate Social Responsibility (CSR) Report, reinforcing the company's ongoing commitment to environmental responsibility, sustainable innovation, and commun…"
"Life advice of the day by Shiv Khera: 'If we are not a part of the solution, then we are the...' - inspiring quote on personal responsibility and lessons on leadership, accountability and positive change by motivational speaker and You Can Win author",The Times of India,2026-06-04T16:18:05Z,https://economictimes.indiatimes.com/news/international/us/life-advice-of-the-day-june-4-by-shiv-khera-if-we-are-not-a-part-of-the-solution-then-we-are-the-inspiring-quote-on-personal-responsibility-and-lessons-on-leadership-accountability-and-positive-change-by-motivational-speaker-and-you-can-win-author/articleshow/131510810.cms,"Life advice of the day by Shiv Khera: Shiv Khera emphasizes personal responsibility, stating that inaction makes one part of the problem. His quote, 'If we are not a part of the solution, then we are the problem,' highlights the power of small, positive actio…"
Is Silicon Valley ready to put robots in people's homes? Hello Robot is. | TechCrunch,TechCrunch,2026-06-04T15:07:36Z,https://techcrunch.com/2026/06/04/is-silicon-valley-ready-to-put-robots-in-peoples-homes-hello-robot-is/,Is Silicon Valley ready to put robots in people's homes? Hello Robot is. | TechCrunchtechcrunch.com
Are tariffs still impacting your favorite products’ prices? Experts explain,NBC News,2026-06-04T14:04:47Z,https://www.nbcnews.com/select/shopping/tariffs-consumer-prices-2026-rcna348279,"High tariffs are impacting consumer prices a year after Liberation Day, and now, high fuel prices are, too. Experts share what to know and how to save where you can."
"Framestore London Welcomes Dan Lorenzini, VFX Super/Head of Flame & Kayleigh Dugdale, EP Advertising",Stashmedia.tv,2026-06-04T12:34:12Z,https://www.stashmedia.tv/framestore-london-welcomes-dan-lorenzini-vfx-super-head-of-flame-kayleigh-dugdale-ep-advertising/,"From the release: Framestore has announced the appointment of Dan Lorenzini, VFX Supervisor & Head of Flame, and Kayleigh Dugdale, Executive Producer. Based in London, the pair join Framestore’s multi-award-winning Advertising division. [Watch]
The post Frame…"
"New Ownership of PostalAnnex in San Jose, California Brings Fresh Energy to the Business--Continuing Nearly 30 Years of Service to the Community",PRNewswire,2026-06-04T12:32:00Z,https://www.prnewswire.com/news-releases/new-ownership-of-postalannex-in-san-jose-california-brings-fresh-energy-to-the-businesscontinuing-nearly-30-years-of-service-to-the-community-302790746.html,"Annex Brands, Inc. Supports Local Entrepreneurs in Sustaining Essential Shipping and Office Services SAN DIEGO, June 4, 2026 /PRNewswire/ -- Annex Brands, Inc., a leading franchisor in the packing, shipping, and office services industries, is pleased to annou…"
Keller Warehousing & Co-Packing Stacks the Bench for Next Era of 3PL and E-Commerce Growth,PRNewswire,2026-06-04T11:33:00Z,https://www.prnewswire.com/news-releases/keller-warehousing--co-packing-stacks-the-bench-for-next-era-of-3pl-and-e-commerce-growth-302791547.html,"""Multi-year leadership build under President Daryl Mickley positions the Defiance, Ohio-based affiliate as a national 3PL powerhouse. DEFIANCE, Ohio, June 4, 2026 /PRNewswire/ -- Keller Warehousing & Co-Packing, an affiliate of Keller Logistics Group (KLG), i…"
Telcos urge TRAI to regulate OTT apps as spam shifts online,The Times of India,2026-06-04T10:05:39Z,https://economictimes.indiatimes.com/industry/telecom/telecom-policy/telcos-urge-trai-to-regulate-ott-apps-as-spam-shifts-online/articleshow/131503786.cms,Telecom firms report most spam now bypasses regulations via internet apps. They urge the regulator to bring these platforms under control. OTT providers counter that their oversight falls under a different ministry. Discussions are ongoing regarding new rules…
Costco and UPS issue bold message on tariff refunds,TheStreet,2026-06-04T09:03:00Z,https://www.thestreet.com/investing/stocks/costco-ups-commit-to-return-tariff-refunds-to-customers,Billions of dollars in tariffs are heading back to importers. And some of America's biggest companies are making clear they won't be keeping the money...
"As Europe Feels Pressure from Jet Fuel Market, DHL Remains Prepared",WWD,2026-06-03T18:30:02Z,http://wwd.com/sourcing-journal/logistics/dhl-express-europe-jet-fuel-supply-iran-war-strait-of-hormuz-oil-prices-1238993167/,"DHL Express says its air fuel supplies in Europe are secure for the summer months, alleviating concerns for customers of potential shortages."
"As Europe Feels Pressure from Jet Fuel Market, DHL Remains Prepared",Yahoo Entertainment,2026-06-03T18:30:02Z,https://consent.yahoo.com/v2/collectConsent?sessionId=1_cc-session_b910b165-9a0e-4a2b-8601-223420b97a8c,
"Green Logistics Market to Cross USD 2 Trillion by 2031 with Road Transport Commanding 71.30% Market Share, Says Mordor Intelligence",PRNewswire,2026-06-03T15:17:00Z,https://www.prnewswire.com/news-releases/green-logistics-market-to-cross-usd-2-trillion-by-2031-with-road-transport-commanding-71-30-market-share-says-mordor-intelligence-302790388.html,"HYDERABAD, India, June 3, 2026 /PRNewswire/ -- According to Mordor Intelligence, the green logistics market size is estimated to grow to USD 1.5 trillion in 2026, reaching USD 2.18 trillion by 2031 at a CAGR of 7.79%. Market growth is fueled by stricter susta…"
"New Ecommerce Tools: June 3, 2026",Practical Ecommerce,2026-06-03T12:53:20Z,https://www.practicalecommerce.com/new-ecommerce-tools-june-3-2026,"New services this week address Reddit ads, email marketing, design tools, crowdshipping, agentic commerce audits, last-mile delivery, and more.
The post New Ecommerce Tools: June 3, 2026 appeared first on Practical Ecommerce."
Redundancy costs hit profits at Irish arm of DHL,RTE,2026-06-03T12:46:18Z,https://www.rte.ie/news/business/2026/0603/1576592-dhl-express-ireland-results/,"Redundancy costs of €770,220 at the Irish arm of DHL last year contributed to pre-tax profits decreasing by 6% to €8.93m."
Sustainable Aviation Fuel Market Expected to Reach US$ 43.75 Billion by 2034,GlobeNewswire,2026-06-03T11:16:00Z,https://www.globenewswire.com/news-release/2026/06/03/3305934/0/en/Sustainable-Aviation-Fuel-Market-Expected-to-Reach-US-43-75-Billion-by-2034.html,"Regulatory Measures, Aviation Industry Growth, and Green Energy Transition Fuel 43.65% CAGR Growth │ The Insight Partners Regulatory Measures, Aviation Industry Growth, and Green Energy Transition Fuel 43.65% CAGR Growth │ The Insight Partners"
GXO Appoints Roberto Pascual as Managing Director in Spain and Portugal,GlobeNewswire,2026-06-03T11:00:00Z,https://www.globenewswire.com/news-release/2026/06/03/3305890/0/en/GXO-Appoints-Roberto-Pascual-as-Managing-Director-in-Spain-and-Portugal.html,"MADRID, Spain, June 03, 2026 (GLOBE NEWSWIRE) -- GXO Logistics, Inc. (NYSE: GXO), the world’s largest pure‑play contract logistics provider, today announced the appointment of Roberto Pascual as Managing Director of GXO in Spain and Portugal. Roberto is respo…"
"Orange EV scores record, 600 unit order as demand for electric semi trucks soars",Electrek,2026-06-02T21:34:28Z,http://electrek.co/2026/06/02/orange-ev-scores-record-600-unit-order-as-demand-for-electric-semi-trucks-soars/,"How do we know EVs are here to stay? Electric terminal brand Orange EV just announced a new, record single order that includes 600 new electric Class 8 trucks, proving that there’s a genuine market for HDEVs even without Federal incentives.



 more…"
"Tesla Semi tackles the Grapevine with a loaded trailer, leaves fleet operator ‘amazed’",Electrek,2026-06-02T14:20:20Z,http://electrek.co/2026/06/02/covenant-logistics-tesla-semi-grapevine-test-amazed/,"Covenant Logistics, one of the largest trucking companies in the US with a fleet of over 2,600 tractors, completed a two-week evaluation of the Tesla Semi in California — including a loaded run over the notorious Grapevine pass on I-5.



The company’s VP of …"
Freight Forwarding Market Forecast: US$ 284.8 Bn Opportunity by 2030 at 4.8% CAGR | Wissen Research,PRNewswire,2026-06-02T14:01:00Z,https://www.prnewswire.com/news-releases/freight-forwarding-market-forecast-us-284-8-bn-opportunity-by-2030-at-4-8-cagr--wissen-research-302788590.html,"SHERIDAN, Wyo., June 2, 2026 /PRNewswire/ -- The global freight forwarding market is projected to grow from USD 225.3 billion in 2025 to USD 284.8 billion by 2030, registering a CAGR of 4.8% during the forecast period (2026–2030), according to a new study by …"
DHL Express considers aviation fuel supplies 'secure',RTE,2026-06-02T12:36:14Z,https://www.rte.ie/news/business/2026/0602/1576385-dhl-express-on-fuel-supplies/,"DHL Express Europe considers its aviation fuel supplies secure for the summer months despite the uncertainty created by the Iran war, helped by easing market pressures and diversified sourcing, its CEO, Mike Parra, told Reuters."
Decision: CAC Outcome: DHL e-commerce UK (9),Www.gov.uk,2026-06-02T10:53:08Z,https://www.gov.uk/government/publications/cac-outcome-dhl-e-commerce-uk-9,Outcome(s) by the Central Arbitration Committee on a complaint under Regulation 19(4).
Summer side-hustles: How to boost your income,The Irish Times,2026-06-02T04:00:00Z,https://www.irishtimes.com/your-money/2026/06/02/summer-side-hustles-how-to-boost-your-income/,"Minding children, accommodating foreign students or walking dogs are some of the ways in which you can earn extra income"
Trump plans to appeal order allowing all importers that paid struck-down tariffs to seek refunds,WSLS 10,2026-05-31T04:09:25Z,https://www.wsls.com/news/politics/2026/05/30/trump-plans-to-appeal-order-allowing-all-importers-that-paid-struck-down-tariffs-to-seek-refunds/,Businesses big and small have started receiving refunds after the U.S. Supreme Court ruled that President Donald Trump improperly imposed some tariffs on imported goods.
Trump plans to appeal order that allowed importers tariff refunds,New York Post,2026-05-31T00:21:18Z,https://nypost.com/2026/05/30/business/trump-plans-to-appeal-order-that-allowed-importers-tariff-refunds/,The Supreme Court ruled that President Trump doesn't have the authority to impose higher import taxes on goods from nearly every other country.
Trump Plans To Appeal Order Allowing All Importers That Paid Struck-Down Tariffs To Seek Refunds,HuffPost,2026-05-30T22:49:25Z,https://www.huffpost.com/entry/trump-plans-appeal-order-allowing-all-importers-paid-struck-down-tariffs-seek-refunds_n_6a1b677fe4b005ae418344e1,"Until the Department of Justice informed the judge of its planned appeal, the refund system overseen by U.S. Customs and Border Protection had worked fairly smoothly."
Trump plans to appeal ruling letting importers seek refunds of paid struck-down tariffs,PBS,2026-05-30T21:23:46Z,https://www.pbs.org/newshour/economy/trump-plans-to-appeal-ruling-letting-importers-seek-refunds-of-paid-struck-down-tariffs,Businesses big and small have started receiving tariff refunds after the U.S. Supreme Court ruled that President Trump lacked the constitutional authority to impose higher import taxes on goods from nearly every other country.
Trump plans to appeal order allowing all importers that paid struck-down tariffs to seek refunds,The Times of India,2026-05-30T19:28:12Z,https://economictimes.indiatimes.com/news/international/business/trump-plans-to-appeal-order-allowing-all-importers-that-paid-struck-down-tariffs-to-seek-refunds/articleshow/131415234.cms,"In a landmark Supreme Court ruling, businesses are cashing in on refunds for import tariffs. Yet, the Trump administration intends to challenge the ruling that mandates refunds for all firms, a move that may hinder the momentum. To date, billions have been re…"
Trump plans to appeal order allowing all importers that paid struck-down tariffs to seek refunds,WKMG News 6 & ClickOrlando,2026-05-30T16:53:23Z,https://www.clickorlando.com/news/politics/2026/05/30/trump-plans-to-appeal-order-allowing-all-importers-that-paid-struck-down-tariffs-to-seek-refunds/,Businesses big and small have started receiving refunds after the U.S. Supreme Court ruled that President Donald Trump improperly imposed some tariffs on imported goods.
Trump plans to appeal order allowing all importers that paid struck-down tariffs to seek refunds,Yahoo Entertainment,2026-05-30T16:40:15Z,https://www.yahoo.com/news/politics/articles/trump-plans-appeal-order-allowing-164015267.html,Businesses big and small have started receiving tariff refunds after the U.S. Supreme Court ruled that President Donald Trump lacked the constitutional...
Free WooCommerce extensions to help new stores get moving,Woocommerce.com,2026-05-29T21:13:47Z,https://woocommerce.com/posts/free-woocommerce-extensions/,There are hundreds of extensions in the WooCommerce Marketplace. These are the free ones you'll need from day one.
Show HN: Simple news aggregator with source bias meters,Unbiasthenews.com,2026-05-29T18:21:24Z,https://unbiasthenews.com,"Article URL: https://unbiasthenews.com
Comments URL: https://news.ycombinator.com/item?id=48327194
Points: 2
# Comments: 0"
"DHL’s Parcel Unit Is Chasing Bigger Brands, and USPS Is How It Plans to Get There",WWD,2026-05-29T16:37:19Z,http://wwd.com/sourcing-journal/logistics/dhl-ecommerce-usps-10-billion-partnership-last-mile-parcel-delivery-volume-1238986435/,A new exclusive $10 billion last-mile agreement with the Postal Service enables DHL eCommerce to handle heavier packages and offer mid-tier speed and price options.
US Postal Service Strikes Multiyear Deal With DHL,Freerepublic.com,2026-05-29T14:12:40Z,https://freerepublic.com/focus/f-chat/4381437/posts,"The U.S. Postal Service reached a multiyear deal with DHL eCommerce for last-mile parcel delivery services in the United States expected to be worth more than $10 billion. He said DHL either had ""to invest a ton of capital to build out an end-to-end network, …"
'This isn't the end' - Cardiff plot Stormers upset,BBC News,2026-05-29T11:09:54Z,https://www.bbc.com/sport/rugby-union/articles/c4g7ygx8y5go?xtor=AL-72-%5Bpartner%5D-%5Byahoo.north.america%5D-%5Bheadline%5D-%5Bsport%5D-%5Bbizdev%5D-%5Bisapi%5D,Cardiff are confident of upsetting the odds when they play their first play-off match against Stormers in the United Rugby Championship quarter-finals.
The seven best apps for navigating bureaucracy in Germany,The Local Germany,2026-05-29T10:05:14Z,https://www.thelocal.de/20260529/the-seven-best-apps-for-navigating-bureaucracy-in-germany,"Struggling with German paperwork? From taxes to health insurance, these seven essential apps can help foreign residents decode official demands and stay one step ahead of the system."
"USPS, DHL partner in a $10 billion 'last-mile' delivery agreement",Abcnews.com,2026-05-28T18:40:26Z,https://abcnews.com/Business/wireStory/usps-dhl-partner-10-billion-mile-delivery-agreement-133392875,"The United States Postal Service is announcing a $10 billion deal to provide “last-mile” package delivery services for DHL eCommerce, an arm of German package services provider DHL"
"USPS, DHL partner in a $10 billion 'last-mile' delivery agreement",seattlepi.com,2026-05-28T17:55:26Z,https://www.seattlepi.com/business/article/usps-dhl-partner-in-a-10-billion-last-mile-22280855.php,"The United States Postal Service is announcing a $10 billion deal to provide “last-mile” package delivery services for DHL eCommerce, an arm of German package services provider DHL. The USPS said in December it intended to open its “last-mile” delivery networ…"
USPS signs $10 billion exclusive last-mile deal with DHL eCommerce,Yahoo Entertainment,2026-05-28T16:45:30Z,https://consent.yahoo.com/v2/collectConsent?sessionId=1_cc-session_e18b55be-7c1c-42cb-807e-6f318a0e1316,
CBP raises accepted tariff refunds to $85B,Supply Chain Dive,2026-05-28T15:38:00Z,https://www.supplychaindive.com/news/cbp-raises-accepted-tariff-refunds-to-85b/821157/,"As of Friday, about $20.6 billion in certified refunds with interest have been completed through Customs and Border Protection’s dedicated portal."
"DHL eCommerce and USPS enter $10 billion - plus, long‑term exclusive agreement",PRNewswire,2026-05-28T15:30:00Z,https://www.prnewswire.com/news-releases/dhl-ecommerce-and-usps-enter-10-billion---plus-longterm-exclusive-agreement-302784695.html,DHL eCommerce reaffirms exclusivity with its relationship with USPS for last-mile delivery in the United States Expanding the collaboration allows DHL eCommerce to strengthen its U.S. market position by fully leveraging its state-of-the-art first- and middle-…
"Fulfillment Services Global Market Analysis Report 2026: $159.36 Bn Opportunities, Trends, Competitive Landscape, Strategies, and Forecasts, 2020-2025, 2025-2030F, 2035F",GlobeNewswire,2026-05-28T11:33:00Z,https://www.globenewswire.com/news-release/2026/05/28/3302722/28124/en/Fulfillment-Services-Global-Market-Analysis-Report-2026-159-36-Bn-Opportunities-Trends-Competitive-Landscape-Strategies-and-Forecasts-2020-2025-2025-2030F-2035F.html,"Rapid e-commerce and online retail growth present key opportunities in the fulfillment services market, driven by rising consumer demand for faster delivery and advanced warehouse automation. Expansion of AI-driven solutions, sustainable practices, and omnich…"
How Should Sustainable Brands Navigate High Street Collaborations?,Vogue,2026-05-28T09:30:00Z,https://www.vogue.com/article/how-should-sustainable-brands-navigate-high-street-collaborations,"Brands such as Mango, H&M, Topshop, and Asics are eyeing collaborations with sustainable names, but how can born-good designers make sure their values align?"
Trump administration refunds $20B in overturned tariffs after Supreme Court loss,New York Post,2026-05-27T20:15:45Z,https://nypost.com/2026/05/27/business/trump-administration-refunds-20b-in-overturned-tariffs-after-court-loss/,US Customs and Border Protection has processed roughly $20.6 billion in repayments tied to Trump’s now-invalidated IEEPA tariffs.
"$20 billion in tariff refunds paid so far, with more on the way",NBC News,2026-05-27T13:50:21Z,https://www.nbcnews.com/business/business-news/trump-tariff-refunds-paid-ieepa-rcna347080,The Trump administration has refunded more than $20 billion in overpaid tariffs so far after the Supreme Court struck down  the pillar of Trump’s trade policy.
The 2026 Fortune Most Powerful Women list is here—and 11 CFOs made the cut,Fortune,2026-05-27T12:11:13Z,https://fortune.com/2026/05/27/fortune-most-powerful-women-list-2026-cfo/,"Huawei's Meng Wanzhou, Microsoft's Amy Hood, Meta's Susan Li, Alphabet's Anat Ashkenazi, and Nvidia's Colette Kress all land in the top 50."
Can Cardiff end eight-year wait for Welsh play-off win?,BBC News,2026-05-27T05:06:12Z,https://www.bbc.com/sport/rugby-union/articles/c3d22yz593mo?xtor=AL-72-%5Bpartner%5D-%5Byahoo.north.america%5D-%5Bheadline%5D-%5Bsport%5D-%5Bbizdev%5D-%5Bisapi%5D,Cardiff to chase an upset when travelling to Stormers for their first United Rugby Championship play-off quarter-final.
Can Cardiff end eight-year wait for Welsh play-off win?,BBC News,2026-05-27T05:06:07Z,https://www.bbc.com/sport/rugby-union/articles/c3d22yz593mo,Cardiff to chase an upset when travelling to Stormers for their first United Rugby Championship play-off quarter-final.
"Have Industries, World and GDP Have Been Transformed Before?",Next Big Future,2026-05-27T02:11:56Z,https://www.nextbigfuture.com/2026/05/have-industries-world-and-gdp-have-been-transformed-before.html,"I have an article about replatforming and how business can become radically bigger, faster and more profitable with new technologies and processes. But here we focus on actual transformation and step changes to the world and industries. The Industrial revolut…"
"Stripe is friendly to ""friendly fraud""",Gingerlime.com,2026-05-27T00:40:05Z,https://www.gingerlime.com/2026/stripe-seem-friendly-to-friendly-fraud/,"Friendly fraud is the laundered name for something that the payment system is not really able to prevent. Even though I’m pretty sure they can do way better. Particularly big and sophisticated payment providers like Stripe, with a mountain of signals. I had a…"
Mr H Chidawanyika v DHL Welham Green: 6032966/2025,Www.gov.uk,2026-05-26T15:04:57Z,https://www.gov.uk/employment-tribunal-decisions/mr-h-chidawanyika-v-dhl-welham-green-6032966-slash-2025,Employment Tribunal decision.
Rongtao Medical Serves Distributors in 140+ Countries as Independent Medical Imaging Equipment Service Partner,PRNewswire,2026-05-26T13:01:00Z,https://www.prnewswire.com/news-releases/rongtao-medical-serves-distributors-in-140-countries-as-independent-medical-imaging-equipment-service-partner-302780889.html,"ISO 13485-certified Guangzhou facility supports ultrasound repair, probe solutions and replacement parts across major OEMs, with 48-hour real-machine testing as standard quality control GUANGZHOU, China, May 26, 2026 /PRNewswire/ -- Guangzhou Rongtao Medical …"
CX Assurance for AI-Powered Contact Centers Research Study 2026: How the Rise of Agentic AI Necessitates a Shift from Static Monitoring to Continuous Observability,GlobeNewswire,2026-05-26T09:37:00Z,https://www.globenewswire.com/news-release/2026/05/26/3300859/28124/en/CX-Assurance-for-AI-Powered-Contact-Centers-Research-Study-2026-How-the-Rise-of-Agentic-AI-Necessitates-a-Shift-from-Static-Monitoring-to-Continuous-Observability.html,"The shift to advanced AI agents in CX requires robust assurance solutions to manage risks like hallucinations. Businesses using these tools see greater success, emphasizing pre and post-deployment testing. Key opportunities lie in vendor differentiation and c…"
"Single window portal records over 39,000 trade applications",The Punch,2026-05-23T01:36:20Z,https://punchng.com/single-window-portal-records-over-39000-trade-applications/,"Nigeria’s National Single Window portal has processed over 39,000 trade applications in eight weeks, demonstrating growing reliance on the platform.

Read More: https://punchng.com/single-window-portal-records-over-39000-trade-applications/"
European shares rise on technology stocks,The Irish Times,2026-05-22T16:47:50Z,https://www.irishtimes.com/business/2026/05/22/european-shares-rise-on-technology-stocks/,Markets optimistic about signs of progress in US-Iran peace talks
"Former Arsenal goalkeeper Wojciech Szczęsny is mocked over 'ridiculous' £1,000 Vetements shirt that purposely features an 'iron burn' mark",Dailymail.com,2026-05-22T15:21:28Z,https://www.dailymail.com/lifestyle/article-15840935/Wojciech-Szczesny-mocked-iron-burn-mark-shirt-Barcelona.html,The Polish goalkeeper for Barcelona FC attended a celebratory dinner for the acclaimed team on Wednesday night to commemorate winning this year's LaLiga - the top league in Spanish football.
Global Healthcare Logistics Market to Hit USD 250.17 Billion by 2035 | Research by SNS Insider,GlobeNewswire,2026-05-22T15:19:00Z,https://www.globenewswire.com/news-release/2026/05/22/3300226/0/en/Global-Healthcare-Logistics-Market-to-Hit-USD-250-17-Billion-by-2035-Research-by-SNS-Insider.html,"U.S. Healthcare Logistics Market projected to grow from USD 28.92 Billion in 2025 to USD 61.45 Billion by 2035 at 11.14% CAGR, while Europe market expected to expand from USD 27.18 Billion to USD 66.24 Billion during the forecast period U.S. Healthcare Logist…"
How Foreign Brands Sell Into Africa,Practical Ecommerce,2026-05-22T14:56:44Z,https://www.practicalecommerce.com/how-foreign-brands-sell-into-africa,"Marketplaces provide the easiest entry, but direct international selling and local retail partnerships drive long-term growth.
The post How Foreign Brands Sell Into Africa appeared first on Practical Ecommerce."
Comparison of dose-adjusted EPOCH-R and R-CHOP in diffuse large B-cell lymphoma with high Ki67 expression: Results from a prospective observational study,Plos.org,2026-05-22T14:00:00Z,https://journals.plos.org/plosone/article?id=10.1371/journal.pone.0350024,Objectives To compare the safety and efficacy of first-line dose-adjusted EPOCH-R (DA-EPOCH-R) versus R-CHOP treatment in diffuse large B-cell lymphoma (DLBCL) patients with high Ki67 expression.   Methods A retrospective analysis of DLBCL patients receiving …
DHL Services Ltd v Pawel Ignatowicz: [2026] EAT 74,Www.gov.uk,2026-05-22T10:04:44Z,https://www.gov.uk/employment-appeal-tribunal-decisions/dhl-services-ltd-v-pawel-ignatowicz-2026-eat-74,Employment Appeal Tribunal judgment of Judge Tayler on 22 May 2026.
